지역코드,지역,기관,순위,식당명,업종,결제횟수,집행액(원),회당평균(원),이용부서수,주소
andong,안동시,안동시청,1,누룽지식당,닭요리,39,5320000,136410,35,경북 안동시 명륜길 16
andong,안동시,안동시청,2,경복궁,"육류,고기",30,3763000,125433,20,경북 안동시 충효로 4439
andong,안동시,안동시청,3,금강옥,"육류,고기",27,3997000,148037,25,경북 안동시 강남1길 133-16
andong,안동시,안동시청,4,부숙한정식,한정식,22,4290000,195000,20,경북 안동시 목성교길 19-1
andong,안동시,안동시청,5,고향묵집,한식,22,6018100,273550,18,경북 안동시 당북길 11
andong,안동시,안동시청,6,청운한정식,한식,19,2959000,155737,16,경북 안동시 평화9길 46-13
andong,안동시,안동시청,7,청마루,중국요리,17,7080500,416500,15,경북 안동시 옥명길 38
andong,안동시,안동시청,8,통영바다장어구이,장어,16,2175000,135938,14,경북 안동시 강남로 287
andong,안동시,안동시청,9,안동하늘소 본점,"육류,고기",16,3172000,198250,11,경북 안동시 축제장길 323-18
andong,안동시,안동시청,10,안동아구찜,아구,15,1421000,94733,15,경북 안동시 충효로 4428
ansan,안산시,안산시청,1,천하일미,갈비,69,10601000,153638,53,경기 안산시 단원구 광덕대로 251
ansan,안산시,안산시청,2,북경,중국요리,59,10772700,182588,48,경기 안산시 상록구 안산천동로4길 1
ansan,안산시,안산시청,3,김가네 낙지전문점,"해물,생선",43,6257400,145521,40,경기 안산시 단원구 당곡로 33
ansan,안산시,안산시청,4,송호전복,"굴,전복",38,6455000,169868,27,경기 안산시 상록구 송호1길 4
ansan,안산시,안산시청,5,한판하이소1kg,"육류,고기",37,3441100,93003,30,경기 안산시 단원구 화랑로 312
ansan,안산시,안산시청,6,빛고을,한식,36,5228000,145222,33,경기 안산시 단원구 화랑로 402
ansan,안산시,안산시청,7,밤새먹소,"육류,고기",36,4236300,117675,28,경기 안산시 단원구 고잔로 18
ansan,안산시,안산시청,8,안산고구려,"육류,고기",35,4890000,139714,29,경기 안산시 단원구 광덕대로 250
ansan,안산시,안산시청,9,황토골미꾸라지매운탕,추어,34,1923100,56562,27,경기 안산시 단원구 화정천동로 240
ansan,안산시,안산시청,10,조선갈비 안산점,갈비,34,6094000,179235,26,경기 안산시 단원구 선부광장로 77
anseong,안성시,안성시청,1,태평관,"해물,생선",76,15548000,204579,62,경기 안성시 태평무길 31
anseong,안성시,안성시청,2,중앙가든,한식,30,7099000,236633,25,경기 안성시 공도읍 서동대로 4559
anseong,안성시,안성시청,3,복남이네 꽁당보리밥,한식,25,3252000,130080,22,경기 안성시 삼거리길 29
anseong,안성시,안성시청,4,약산골,지명,21,4915000,234048,21,경기 안성시 양성면 미산리
anseong,안성시,안성시청,5,온새미로,양식,18,4241000,235611,13,경기 안성시 서운로 830
anseong,안성시,안성시청,6,라무,일식,18,4352000,241778,9,경기 안성시 석정2길 4
anseong,안성시,안성시청,7,안성마춤갤러리,한식,17,2810000,165294,13,경기 안성시 태평무길 35
anseong,안성시,안성시청,8,백운동해매운탕,"매운탕,해물탕",15,2245000,149667,15,경기 안성시 강변남로 28
anseong,안성시,안성시청,9,보나카바,이탈리안,15,3606200,240413,12,경기 안성시 보개원삼로 165-20
anseong,안성시,안성시청,10,장나라,"찌개,전골",15,1443000,96200,12,경기 안성시 진안로 1319
anyang,안양시,안양시청,1,코다리명가,"해물,생선",29,2589000,89276,26,경기 안양시 동안구 관평로 176
anyang,안양시,안양시청,2,상무초밥,"초밥,롤",29,1516450,52291,26,경기 안양시 동안구 시민대로 272
anyang,안양시,안양시청,3,에도수사,일식집,23,3014600,131070,18,경기 안양시 동안구 관평로170번길 43
anyang,안양시,안양시청,4,성경만두,"찌개,전골",23,1775400,77191,15,경기 안양시 동안구 시민대로 295
anyang,안양시,안양시청,5,사계,한정식,21,3666500,174595,15,경기 안양시 동안구 평촌대로243번길 30
anyang,안양시,안양시청,6,서프라이즈,카페,20,372200,18610,16,경기 안양시 동안구 평촌대로 239
anyang,안양시,안양시청,7,장금갯벌신안낙지,"해물,생선",18,2529800,140544,13,경기 안양시 동안구 동안로 259
anyang,안양시,안양시청,8,어죽이네철렵국,"매운탕,해물탕",17,1159800,68224,15,경기 안양시 동안구 관평로170번길 43
anyang,안양시,안양시청,9,한정식사계,한정식,17,2611000,153588,14,경기 안양시 동안구 평촌대로243번길 30
anyang,안양시,안양시청,10,맛사랑코다리,"해물,생선",16,1411000,88188,11,경기 안양시 동안구 시민대로 202
asan,아산시,아산시청,1,수향가든,한식,22,2950000,134091,21,충남 아산시 시민로439번길 24
asan,아산시,아산시청,2,가파도,일식집,20,3182000,159100,18,충남 아산시 번영로 200
asan,아산시,아산시청,3,고려옥,곰탕,17,2536000,149176,15,충남 아산시 청운로 163
asan,아산시,아산시청,4,여여,한식,14,912000,65143,12,충남 아산시 번영로85번길 30
asan,아산시,아산시청,5,봄이오네,한식,13,2083000,160231,13,충남 아산시 시민로 467-9
asan,아산시,아산시청,6,컴플러스,컴퓨터주변기기,13,1639500,126115,9,충남 아산시 삼동로 87
asan,아산시,아산시청,7,고성생선찜,"해물,생선",12,1508000,125667,8,충남 아산시 시민로280번길 9-8
asan,아산시,아산시청,8,소나무,S-OIL,11,1707095,155190,11,충남 아산시 음봉면 음봉로 655
asan,아산시,아산시청,9,추자도,일식집,10,1190000,119000,9,충남 아산시 번영로 118
asan,아산시,아산시청,10,어두육미,한식,10,1063005,106300,9,충남 아산시 번영로85번길 8
boeun,보은군,보은군청,1,잎새사랑,쌈밥,39,5218000,133795,26,충북 보은군 보은읍 풍취1길 71
boeun,보은군,보은군청,2,신라식당,한식,33,5303000,160697,23,충북 보은군 보은읍 교사삼산길 40
boeun,보은군,보은군청,3,목우원,정육점,24,4023000,167625,20,충북 보은군 보은읍 월송로 21-16
boeun,보은군,보은군청,4,하수오종가,"사철탕,영양탕",16,2535000,158438,14,충북 보은군 보은읍 남부로 4955
boeun,보은군,보은군청,5,초가집가든,오리,15,2843000,189533,6,충북 보은군 회인면 보청대로 3876
boeun,보은군,보은군청,6,나그네,"해물,생선",13,1321000,101615,6,충북 보은군 보은읍 보은로 158-1
boeun,보은군,보은군청,7,신촌가든,한식,12,2533000,211083,10,충북 보은군 보은읍 장신4길 9-1
boeun,보은군,보은군청,8,샤브랑만두랑,샤브샤브,12,1916000,159667,10,충북 보은군 보은읍 장신제방길 18
boeun,보은군,보은군청,9,우렁이쌈밥,쌈밥,11,1617000,147000,10,충북 보은군 보은읍 마루들길 33
boeun,보은군,보은군청,10,황돈,한식,11,1631000,148273,9,충북 보은군 보은읍 삼산로3길 11-6
bonghwa,봉화군,봉화군청,1,은하숯불회관,"육류,고기",18,9748000,541556,6,경북 봉화군 봉화읍 내성로 129
bonghwa,봉화군,봉화군청,2,장수마을,한식,9,1806000,200667,4,경북 봉화군 봉화읍 봉화로 1190-1
bonghwa,봉화군,봉화군청,3,장안숯불촌,"육류,고기",8,2096500,262062,6,경북 봉화군 봉화읍 내성로1길 48-2
bonghwa,봉화군,봉화군청,4,삼성식당,"육류,고기",5,1521000,304200,4,경북 봉화군 봉화읍 신시장1길 3-7
bonghwa,봉화군,봉화군청,5,삼삼오오숯불식당,"육류,고기",4,1516000,379000,4,경북 봉화군 봉화읍 내성로3길 12-1
bonghwa,봉화군,봉화군청,6,장가네매운탕,"매운탕,해물탕",4,636000,159000,4,경북 봉화군 봉화읍 예봉로 2083
bonghwa,봉화군,봉화군청,7,약수가든,한식,4,993000,248250,3,경북 봉화군 봉화읍 범들로 472
bonghwa,봉화군,봉화군청,8,동화닭갈비,닭요리,4,899500,224875,3,경북 봉화군 봉화읍 내성로4길 16-3
bonghwa,봉화군,봉화군청,9,품은들농장,식품,3,1750000,583333,3,경북 봉화군 봉성면 오암길 40-106
bonghwa,봉화군,봉화군청,10,명가한우불고기,한식,3,962000,320667,3,경북 봉화군 봉화읍 보밑길 24-8
boryeong,보령시,보령시청,1,양마니명동찌개마을,"찌개,전골",6,468000,78000,4,충남 보령시 희망1길 28
boryeong,보령시,보령시청,2,성산회관,복어,4,872000,218000,4,충남 보령시 목장4길 14
boryeong,보령시,보령시청,3,명성막창,한식,4,602000,150500,4,충남 보령시 성주면 심원계곡로 2
boryeong,보령시,보령시청,4,돈치킨,돈치킨,4,347000,86750,4,충남 보령시 남대천로 91
boryeong,보령시,보령시청,5,차이나,중국요리,4,341000,85250,4,충남 보령시 성주면 화장골길 13
boryeong,보령시,보령시청,6,장터쌈밥,쌈밥,4,492000,123000,3,충남 보령시 웅천읍 장터3길 4
boryeong,보령시,보령시청,7,진한우곰탕,국밥,4,216000,54000,3,충남 보령시 대청로 220
boryeong,보령시,보령시청,8,성주별난버섯,한식,4,279000,69750,2,충남 보령시 성주면 성주산로 368-1
boryeong,보령시,보령시청,9,맹사또가든,오리,3,691000,230333,3,충남 보령시 웅천읍 장터중앙길 193
boryeong,보령시,보령시청,10,복동이네,쌈밥,3,404000,134667,3,충남 보령시 웅천읍 장터3길 8
boseong,보성군,보성군청,1,청정횟집,회,38,13184000,346947,11,전남광주통합특별시 보성군 보성읍 신흥길 25
boseong,보성군,보성군청,2,보성아라낙지,"해물,생선",19,5873000,309105,12,전남광주통합특별시 보성군 회천면 우암길 27-20
boseong,보성군,보성군청,3,보성회센터,회,19,5393000,283842,12,전남광주통합특별시 보성군 보성읍 신흥길 14
boseong,보성군,보성군청,4,보성명가,"해물,생선",11,3932000,357455,8,전남광주통합특별시 보성군 보성읍 용문길 7
boseong,보성군,보성군청,5,갯마을횟집,회,10,3076000,307600,9,전남광주통합특별시 보성군 회천면 우암길 27-12
boseong,보성군,보성군청,6,대실마을,한식,6,2110100,351683,6,전남광주통합특별시 보성군 보성읍 중앙로 102
boseong,보성군,보성군청,7,다향회관,"육류,고기",6,2112000,352000,5,전남광주통합특별시 보성군 보성읍 용문길 19
boseong,보성군,보성군청,8,짱아식당,한식,5,1436000,287200,5,전남광주통합특별시 보성군 보성읍 용문길 51
boseong,보성군,보성군청,9,새금복식당,"해물,생선",5,920000,184000,4,전남광주통합특별시 보성군 노동면 보림길 2
boseong,보성군,보성군청,10,중흥,지명,5,1741000,348200,3,전남광주통합특별시 보성군 벌교읍 지동리
buan,부안군,부안군청,1,별장횟집,회,18,8042000,446778,9,전북특별자치도 부안군 변산면 노루목길 28
buan,부안군,부안군청,2,장수갈비,갈비,17,7645000,449706,8,전북특별자치도 부안군 부안읍 동중3길 17
buan,부안군,부안군청,3,고창부안축협한우명품관,"육류,고기",17,6869800,404106,8,전북특별자치도 부안군 부안읍 번영로 85-1
buan,부안군,부안군청,4,전라도매운탕,"매운탕,해물탕",15,1938000,129200,9,전북특별자치도 부안군 부안읍 부령로 99
buan,부안군,부안군청,5,계화회관,조개,13,4936000,379692,10,전북특별자치도 부안군 행안면 변산로 95
buan,부안군,부안군청,6,종갓집들깨와팥나라,한식,11,699000,63545,8,전북특별자치도 부안군 부안읍 부령로 80
buan,부안군,부안군청,7,양촌리식당,한식,8,1464000,183000,5,전북특별자치도 부안군 부안읍 동중길 24-1
buan,부안군,부안군청,8,천하일미,"육류,고기",7,209000,29857,7,전북특별자치도 부안군 부안읍 수정길 14-1
buan,부안군,부안군청,9,우초,"육류,고기",6,1429000,238167,6,전북특별자치도 부안군 부안읍 오리정로 109
buan,부안군,부안군청,10,아리울 한우명품관,"육류,고기",6,4674000,779000,3,전북특별자치도 부안군 부안읍 번영로 124
bucheon,부천시,부천시청,1,빛뜰화로구이 부천중동점,"육류,고기",76,12216710,160746,63,경기 부천시 원미구 소향로 135
bucheon,부천시,부천시청,2,내조삼계탕,삼계탕,49,8180000,166939,41,경기 부천시 원미구 석천로184번길 28
bucheon,부천시,부천시청,3,시골애,한식,47,6212100,132172,36,경기 부천시 원미구 중동로254번길 36
bucheon,부천시,부천시청,4,참맛진숯불갈비,갈비,37,8609000,232676,20,경기 부천시 원미구 석천로177번길 16
bucheon,부천시,부천시청,5,포레스트365,카페,27,3683530,136427,23,경기 부천시 원미구 길주로 234
bucheon,부천시,부천시청,6,효재부엌,한식,25,2704000,108160,22,경기 부천시 원미구 석천로178번길 7
bucheon,부천시,부천시청,7,굿모닝차이나,중국요리,24,7673000,319708,21,경기 부천시 원미구 송내대로265번길 85
bucheon,부천시,부천시청,8,삼미정,한식,20,1946600,97330,20,경기 부천시 원미구 부일로571번길 12
bucheon,부천시,부천시청,9,삼대째 손두부,한식,20,2468000,123400,17,경기 부천시 원미구 소향로 111
bucheon,부천시,부천시청,10,만포면옥,냉면,19,2813000,148053,17,경기 부천시 원미구 길주로 180
bupyeong,부평구,부평구청,1,진향중화요리,중국요리,260,28668000,110262,35,인천 부평구 신트리로6번길 3-2
bupyeong,부평구,부평구청,2,어량촌,장어,139,33236000,239108,26,인천 부평구 주부토로75번길 47
bupyeong,부평구,부평구청,3,훈장골,갈비,132,21069000,159614,16,인천 부평구 부평문화로 48
bupyeong,부평구,부평구청,4,주문진곰치국,"해물,생선",122,14297000,117189,30,인천 부평구 신트리로8번길 3
bupyeong,부평구,부평구청,5,남도복국,복어,95,13687000,144074,53,인천 부평구 갈월서로 6
bupyeong,부평구,부평구청,6,한양수산,회,95,22679000,238726,15,인천 부평구 남부역로20번길 21
bupyeong,부평구,부평구청,7,전통복회관,복어,90,19920000,221333,18,인천 부평구 주부토로 29
bupyeong,부평구,부평구청,8,태평양볼테기,"해물,생선",84,3007000,35798,13,인천 부평구 부흥로 265
bupyeong,부평구,부평구청,9,광어두마리,회,76,24373000,320697,13,인천 부평구 길주남로 87
bupyeong,부평구,부평구청,10,본가옛날막창,"곱창,막창",74,18783000,253824,14,인천 부평구 경인로931번길 7
busan_bukgu,부산 북구,부산 북구청,1,장수장꼬리곰탕,곰탕,20,3672000,183600,15,부산 북구 사상로 577
busan_bukgu,부산 북구,부산 북구청,2,남대포정통한우,"육류,고기",13,3243000,249462,8,부산 북구 만덕2로 40
busan_bukgu,부산 북구,부산 북구청,3,그린가든,오리,7,1162000,166000,6,부산 북구 만덕고개길 68
busan_bukgu,부산 북구,부산 북구청,4,진스시,"초밥,롤",7,1064000,152000,6,부산 북구 백양대로 1163
busan_bukgu,부산 북구,부산 북구청,5,덕천복집,복어,6,1345000,224167,6,부산 북구 기찰로 41-2
busan_bukgu,부산 북구,부산 북구청,6,리산옥,중국요리,6,1310000,218333,6,부산 북구 금곡대로303번길 25
busan_bukgu,부산 북구,부산 북구청,7,통키통키,치킨,6,1307000,217833,6,부산 북구 만덕대로39번길 44
busan_bukgu,부산 북구,부산 북구청,8,웅천집,회,6,2434380,405730,5,부산 북구 금곡대로616번길 7-14
busan_bukgu,부산 북구,부산 북구청,9,외식일번가 덕천점,갈비,6,2277000,379500,5,부산 북구 의성로 88
busan_bukgu,부산 북구,부산 북구청,10,조방낙지,"해물,생선",6,1702000,283667,5,부산 북구 낙동북로 666
busan_city,부산광역시,부산광역시청,1,함양가,한식,155,42730150,275678,85,부산 연제구 시청로32번길 30
busan_city,부산광역시,부산광역시청,2,취원,중국요리,146,48160503,329866,49,부산 연제구 신촌로 38
busan_city,부산광역시,부산광역시청,3,우나기만,장어,121,27355300,226077,63,부산 연제구 시청로32번길 17
busan_city,부산광역시,부산광역시청,4,메이리,중국요리,118,30982635,262565,85,부산 연제구 거제시장로 3
busan_city,부산광역시,부산광역시청,5,만성횟집,회,112,28418615,253738,65,부산 연제구 거제천로 102
busan_city,부산광역시,부산광역시청,6,정초밥,"초밥,롤",105,23003423,219080,63,부산 연제구 중앙대로1039번길 16
busan_city,부산광역시,부산광역시청,7,낚시고기횟집,회,95,27378700,288197,48,부산 연제구 연제로 33
busan_city,부산광역시,부산광역시청,8,부용당,한식,71,14511500,204387,43,부산 부산진구 중앙대로989번길 33
busan_city,부산광역시,부산광역시청,9,돈풍각,"육류,고기",67,20253620,302293,47,부산 연제구 시청로32번길 29
busan_city,부산광역시,부산광역시청,10,부자회관,"육류,고기",59,19966800,338420,27,부산 연제구 신촌로23번길 24
busan_donggu,부산 동구,부산 동구청,1,홍보석,중국요리,17,4117000,242176,4,부산 동구 범일로 125
busan_donggu,부산 동구,부산 동구청,2,다올복집,복어,15,2257000,150467,3,부산 동구 중앙대로389번길 17
busan_donggu,부산 동구,부산 동구청,3,양산도,일식,10,2211700,221170,4,부산 동구 범일로 125
busan_donggu,부산 동구,부산 동구청,4,스시남,"초밥,롤",8,3132000,391500,3,부산 동구 중앙대로226번길 3-7
busan_donggu,부산 동구,부산 동구청,5,수미식당,"해물,생선",7,1783000,254714,4,부산 동구 고관로 109-9
busan_donggu,부산 동구,부산 동구청,6,건양정홍삼삼계탕,삼계탕,6,1471000,245167,3,부산 동구 범일로102번길 16-9
busan_donggu,부산 동구,부산 동구청,7,도원가든,오리,6,1442000,240333,3,부산 동구 고관로13번길 23
busan_donggu,부산 동구,부산 동구청,8,명란브랜드연구소,식품판매,6,1095800,182633,2,부산 동구 영초윗길 22-1
busan_donggu,부산 동구,부산 동구청,9,할매맛집,한식,6,410000,68333,2,부산 동구 중앙대로389번길 16
busan_donggu,부산 동구,부산 동구청,10,한림양식당,양식,5,2202000,440400,3,부산 동구 초량로14번길 6-1
busan_dongnae,동래구,동래구청,1,영남식육식당,"육류,고기",28,9390000,335357,8,부산 동래구 명륜로112번가길 51
busan_dongnae,동래구,동래구청,2,옥샘,한식,19,4030300,212121,16,부산 동래구 동래로136번길 9-3
busan_dongnae,동래구,동래구청,3,동래할매파전,한식,17,3461000,203588,8,부산 동래구 명륜로94번길 43-10
busan_dongnae,동래구,동래구청,4,동래삼계탕,삼계탕,11,2540000,230909,8,부산 동래구 명안로18번길 8-1
busan_dongnae,동래구,동래구청,5,정림,한정식,10,2533000,253300,7,부산 동래구 충렬대로237번길 31-3
busan_dongnae,동래구,동래구청,6,동래스시,"초밥,롤",8,1501400,187675,6,부산 동래구 동래로136번길 25
busan_dongnae,동래구,동래구청,7,정림전통한식,한정식,7,2189500,312786,5,부산 동래구 충렬대로237번길 31-3
busan_dongnae,동래구,동래구청,8,부산참치상회,참치회,7,1300000,185714,4,부산 동래구 명륜로117번길 25
busan_dongnae,동래구,동래구청,9,덕우담,오리,6,1473000,245500,6,부산 동래구 충렬대로237번길 112
busan_dongnae,동래구,동래구청,10,동보성,중국요리,6,1353000,225500,5,부산 동래구 온천천로 193
busan_gangseo,부산 강서구,부산 강서구청,1,남도갈비,갈비,49,13730100,280206,33,부산 강서구 대저로 261-1
busan_gangseo,부산 강서구,부산 강서구청,2,풍년식당,한식,32,10645260,332664,24,부산 강서구 대저로277번길 33
busan_gangseo,부산 강서구,부산 강서구청,3,신작로연탄구이,"육류,고기",20,6201000,310050,8,부산 강서구 대저로273번길 10
busan_gangseo,부산 강서구,부산 강서구청,4,다금정,한정식,17,6146000,361529,8,부산 강서구 공항로811번길 42
busan_gangseo,부산 강서구,부산 강서구청,5,낙양회센타,회,16,3981000,248812,13,부산 강서구 대저로 132
busan_gangseo,부산 강서구,부산 강서구청,6,포석정,한식,14,4185000,298929,6,부산 강서구 대저로273번길 16-6
busan_gangseo,부산 강서구,부산 강서구청,7,황금참숯뒷통구이,"육류,고기",12,2766000,230500,11,부산 강서구 대저로274번길 16
busan_gangseo,부산 강서구,부산 강서구청,8,황금오리알,오리,11,1668000,151636,8,부산 강서구 제도로 667
busan_gangseo,부산 강서구,부산 강서구청,9,가얏골감자탕,가얏골감자탕,11,1608000,146182,6,부산 강서구 대저로274번길 21
busan_gangseo,부산 강서구,부산 강서구청,10,공항생복국,복어,10,1780000,178000,8,부산 강서구 공항앞길85번길 6
busan_geumjeong,금정구,금정구청,1,배비장보쌈,"족발,보쌈",4,1165000,291250,4,부산 금정구 금정로 239
busan_geumjeong,금정구,금정구청,2,해연,중국요리,4,1035000,258750,4,부산 금정구 수림로50번길 114
busan_geumjeong,금정구,금정구청,3,동해바다,회,3,1284000,428000,3,부산 금정구 부곡온천천로 142
busan_geumjeong,금정구,금정구청,4,명품한우에반했소,"육류,고기",3,614000,204667,2,부산 금정구 금사로 95-2
busan_geumjeong,금정구,금정구청,5,모어샌드위치,샌드위치,2,912000,456000,2,부산 금정구 금강로 255-6
busan_geumjeong,금정구,금정구청,6,참나무숯불구이,"육류,고기",2,888000,444000,2,부산 금정구 금정로 25
busan_geumjeong,금정구,금정구청,7,맛있는 고기에 솜씨를 더하다,"육류,고기",2,769080,384540,2,부산 금정구 금사로 58-20
busan_geumjeong,금정구,금정구청,8,모시모시,"초밥,롤",2,739000,369500,2,부산 금정구 금강로 271-5
busan_geumjeong,금정구,금정구청,9,소영식육식당,"육류,고기",2,580000,290000,2,부산 금정구 식물원로75번길 46
busan_geumjeong,금정구,금정구청,10,오복미역,한식,2,541000,270500,2,부산 금정구 금정로 251
busan_gijang,기장군,기장군청,1,가마솥생복집,복어,16,4864000,304000,9,부산 기장군 기장읍 차성로 327-2
busan_gijang,기장군,기장군청,2,기장끝집,죽,14,2706000,193286,7,부산 기장군 기장읍 기장해안로 895
busan_gijang,기장군,기장군청,3,강어,회,11,1922000,174727,3,부산 기장군 기장읍 연화길 21
busan_gijang,기장군,기장군청,4,양산도,일식,10,2120000,212000,8,부산 기장군 기장읍 연화길 45-10
busan_gijang,기장군,기장군청,5,강고집생고기전문점,"육류,고기",9,2963000,329222,7,부산 기장군 기장읍 배산로 76
busan_gijang,기장군,기장군청,6,강고집,국밥,9,2596000,288444,5,부산 기장군 기장읍 차성로418번길 50
busan_gijang,기장군,기장군청,7,장수한우전문점,"육류,고기",8,3326000,415750,6,부산 기장군 기장읍 차성동로 160-3
busan_gijang,기장군,기장군청,8,일광수산횟집,회,8,1603000,200375,5,부산 기장군 일광읍 학리등대로 74
busan_gijang,기장군,기장군청,9,본본레스토랑,양식,7,2329500,332786,6,부산 기장군 기장읍 기장해안로 500
busan_gijang,기장군,기장군청,10,우미관,"육류,고기",6,3778000,629667,2,부산 기장군 철마면 철마로 502
busan_haeundae,해운대구,해운대구청,1,한우리가,"육류,고기",14,4320000,308571,12,부산 해운대구 중동2로10번길 13
busan_haeundae,해운대구,해운대구청,2,식당3선,갈비,6,2354000,392333,5,부산 해운대구 해운대로 230
busan_haeundae,해운대구,해운대구청,3,해송갈비,갈비,6,2029000,338167,5,부산 해운대구 중동1로 32-1
busan_haeundae,해운대구,해운대구청,4,해송숯불갈비,갈비,6,2790000,465000,3,부산 해운대구 중동1로 32-1
busan_haeundae,해운대구,해운대구청,5,할매집,국밥,6,1489000,248167,3,부산 해운대구 중동2로10번길 7
busan_haeundae,해운대구,해운대구청,6,해운대소문난삼계탕,삼계탕,5,1537000,307400,5,부산 해운대구 중동2로 6
busan_haeundae,해운대구,해운대구청,7,가빈횟집,회,5,2973000,594600,4,부산 해운대구 달맞이길62번가길 33
busan_haeundae,해운대구,해운대구청,8,신라스테이 해운대,신라스테이,4,1560000,390000,4,부산 해운대구 해운대로570번길 46
busan_haeundae,해운대구,해운대구청,9,치킨신드롬,치킨신드롬,4,1440000,360000,4,부산 해운대구 해운대로469번길 181
busan_haeundae,해운대구,해운대구청,10,홍유단,중식,4,1363000,340750,4,부산 해운대구 좌동로 87
busan_jin,부산진구,부산진구청,1,스콜,양식,49,10627400,216886,41,부산 부산진구 서면문화로 32
busan_jin,부산진구,부산진구청,2,사미헌,한식,42,12649980,301190,35,부산 부산진구 서면문화로 19
busan_jin,부산진구,부산진구청,3,갈비곳간,갈비,22,8153040,370593,19,부산 부산진구 엄광로 16
busan_jin,부산진구,부산진구청,4,프리모,이탈리안,22,8242000,374636,18,부산 부산진구 시민공원로19번길 24
busan_jin,부산진구,부산진구청,5,북경,중국요리,21,8402000,400095,19,부산 부산진구 시민공원로19번길 32-5
busan_jin,부산진구,부산진구청,6,우성갈비화로구이,갈비,20,7403500,370175,18,부산 부산진구 새싹로 93
busan_jin,부산진구,부산진구청,7,급행장,갈비,16,3347200,209200,15,부산 부산진구 서면문화로 4
busan_jin,부산진구,부산진구청,8,민속집,오리,15,3223500,214900,15,부산 부산진구 새싹로 39-1
busan_jin,부산진구,부산진구청,9,외식일번가,갈비,15,6881960,458797,12,부산 부산진구 신천대로 222
busan_jin,부산진구,부산진구청,10,미락칼국수,샤브샤브,13,1762000,135538,10,부산 부산진구 서면문화로 33
busan_junggu,부산 중구,부산 중구청,1,본참치,참치회,53,10196500,192387,43,부산 중구 중앙대로81번길 9
busan_junggu,부산 중구,부산 중구청,2,모리쵸,일식,33,7900000,239394,21,부산 중구 광복중앙로 34
busan_junggu,부산 중구,부산 중구청,3,바래,"해물,생선",31,4477000,144419,21,부산 중구 중앙대로81번길 4
busan_junggu,부산 중구,부산 중구청,4,이재모피자,피자,30,12195000,406500,26,부산 중구 광복중앙로 31
busan_junggu,부산 중구,부산 중구청,5,일신명품한우,"육류,고기",24,5720970,238374,22,부산 중구 중구로43번길 42
busan_junggu,부산 중구,부산 중구청,6,토레스,양식,24,3546000,147750,16,부산 중구 광복로 44
busan_junggu,부산 중구,부산 중구청,7,기와집,한식,23,5108000,222087,21,부산 중구 대청로137번길 7-2
busan_junggu,부산 중구,부산 중구청,8,루아앤티그리,양식,23,4270870,185690,18,부산 중구 용미길10번길 1
busan_junggu,부산 중구,부산 중구청,9,광복경양식,양식,22,5014500,227932,22,부산 중구 대청로53번길 4
busan_junggu,부산 중구,부산 중구청,10,홍성,중국요리,22,3544000,161091,21,부산 중구 중구로 141
busan_namgu,부산 남구,부산 남구청,1,못골갈비,갈비,26,11363000,437038,21,부산 남구 유엔평화로4번길 77-8
busan_namgu,부산 남구,부산 남구청,2,금곡횟집,회,17,3948000,232235,14,부산 남구 진남로 7-5
busan_namgu,부산 남구,부산 남구청,3,양산박,"육류,고기",14,5565000,397500,12,부산 남구 못골로 75
busan_namgu,부산 남구,부산 남구청,4,찰진솥밥 계절밥상,한식,13,3049000,234538,13,부산 남구 못골로41번길 6
busan_namgu,부산 남구,부산 남구청,5,막끌리네,한식,11,4395000,399545,11,부산 남구 못골로 49-8
busan_namgu,부산 남구,부산 남구청,6,구구숯불갈비,갈비,10,2384500,238450,10,부산 남구 진남로116번길 7
busan_namgu,부산 남구,부산 남구청,7,자수정코다리,"해물,생선",10,2021000,202100,9,부산 남구 수영로 205-12
busan_namgu,부산 남구,부산 남구청,8,이조갈비,갈비,10,4235470,423547,8,부산 남구 수영로 185
busan_namgu,부산 남구,부산 남구청,9,쿠우쿠우 경성대점,쿠우쿠우,9,4651100,516789,9,부산 남구 수영로 305
busan_namgu,부산 남구,부산 남구청,10,물레방아,"육류,고기",9,2888000,320889,8,부산 남구 수영로358번길 7
busan_saha,사하구,사하구청,1,식당3선 당리점,갈비,44,9621000,218659,28,부산 사하구 제석로 31
busan_saha,사하구,사하구청,2,천둥산생오리,오리,39,14112700,361864,27,부산 사하구 승학로 47
busan_saha,사하구,사하구청,3,일봉초밥,"초밥,롤",30,5813000,193767,24,부산 사하구 낙동대로457번길 27
busan_saha,사하구,사하구청,4,어부네코다리,어부네코다리조림,28,4643000,165821,16,부산 사하구 낙동대로 394-7
busan_saha,사하구,사하구청,5,우송정,"육류,고기",18,4496000,249778,15,부산 사하구 제석로18번길 75
busan_saha,사하구,사하구청,6,대가야,냉면,16,3874000,242125,9,부산 사하구 장림로184번길 31
busan_saha,사하구,사하구청,7,꼬막정찬,"해물,생선",13,2502000,192462,10,부산 사하구 낙동대로 388
busan_saha,사하구,사하구청,8,소담골,한식,11,1900000,172727,9,부산 사하구 하신중앙로313번길 100
busan_saha,사하구,사하구청,9,계절쌈가,쌈밥,10,1609000,160900,9,부산 사하구 제석로59번길 28
busan_saha,사하구,사하구청,10,포항물회,회,9,1692000,188000,8,부산 사하구 낙동대로549번길 29
busan_sasang,사상구,사상구청,1,컴온셰프,일식,31,7061000,227774,23,부산 사상구 학감대로 257
busan_sasang,사상구,사상구청,2,해돈,복어,15,2487000,165800,11,부산 사상구 새벽시장로 141-2
busan_sasang,사상구,사상구청,3,설화,"초밥,롤",9,2526000,280667,8,부산 사상구 새벽로 218
busan_sasang,사상구,사상구청,4,멋쟁이 토마토,양식,8,1997700,249712,7,부산 사상구 사상로75번길 10
busan_sasang,사상구,사상구청,5,오복생갈비,갈비,6,1912000,318667,5,부산 사상구 학감대로 238-36
busan_sasang,사상구,사상구청,6,국제식품,"식품가공,제조",6,1621200,270200,5,부산 사상구 새벽로 141
busan_sasang,사상구,사상구청,7,부산양지탕,곰탕,6,1120000,186667,5,부산 사상구 새벽시장로 146
busan_sasang,사상구,사상구청,8,행복한장어,장어,5,1100000,220000,5,부산 사상구 대동로269번길 60
busan_sasang,사상구,사상구청,9,무보까 국밥과 보쌈,국밥,5,1489000,297800,4,부산 사상구 학감대로 257
busan_sasang,사상구,사상구청,10,고엔,일식집,4,1285000,321250,4,부산 사상구 광장로 88
busan_seogu,부산 서구,부산 서구청,1,고주몽,"육류,고기",30,8644110,288137,18,부산 서구 구덕로148번길 43-1
busan_seogu,부산 서구,부산 서구청,2,신흥반점,중국요리,16,4640000,290000,13,부산 서구 충무대로 284-1
busan_seogu,부산 서구,부산 서구청,3,청하복국,복어,15,4066000,271067,11,부산 서구 까치고개로 253
busan_seogu,부산 서구,부산 서구청,4,이대감숯불촌,"육류,고기",15,4217500,281167,10,부산 서구 충무시장길 7
busan_seogu,부산 서구,부산 서구청,5,삼미삼계탕,삼계탕,12,2039000,169917,11,부산 서구 자갈치로 8
busan_seogu,부산 서구,부산 서구청,6,행복한오리,오리,11,3681400,334673,10,부산 서구 충무대로255번길 9
busan_seogu,부산 서구,부산 서구청,7,대궁한우구이,갈비,11,3988000,362545,9,부산 서구 보수대로 101-1
busan_seogu,부산 서구,부산 서구청,8,돼지맛자랑하는날,"육류,고기",11,3271000,297364,3,부산 서구 구덕로296번길 17-1
busan_seogu,부산 서구,부산 서구청,9,부민정,오리,7,999000,142714,7,부산 서구 구덕로193번길 32-5
busan_seogu,부산 서구,부산 서구청,10,충무장어구이,장어,7,1540000,220000,6,부산 서구 구덕로118번길 30
busan_suyeong,수영구,수영구청,1,송원일식,일식집,36,9444000,262333,28,부산 수영구 남천동로9번길 41
busan_suyeong,수영구,수영구청,2,유황돈돼지생오리,"육류,고기",25,6996000,279840,22,부산 수영구 남천동로108번길 20
busan_suyeong,수영구,수영구청,3,오지테이블,양식,22,4622000,210091,20,부산 수영구 수영로 474
busan_suyeong,수영구,수영구청,4,대박생오리,오리,19,5292000,278526,13,부산 수영구 남천동로9번길 13
busan_suyeong,수영구,수영구청,5,고기굽는남자 광안리직영점,삼겹살,17,6322000,371882,13,부산 수영구 광남로 44
busan_suyeong,수영구,수영구청,6,고성범연탄구이,삼겹살,17,4495700,264453,12,부산 수영구 광안로16번길 47
busan_suyeong,수영구,수영구청,7,진미언양불고기,"불고기,두루치기",15,5673000,378200,14,부산 수영구 남천바다로33번길 7
busan_suyeong,수영구,수영구청,8,다미복국,복어,15,3195000,213000,14,부산 수영구 남천바다로10번길 17
busan_suyeong,수영구,수영구청,9,돼지집,국밥,14,4571000,326500,14,부산 수영구 광안해변로370번길 9-32
busan_suyeong,수영구,수영구청,10,수미식당,"육류,고기",14,3842440,274460,12,부산 수영구 남천동로9번길 30
busan_yeongdo,영도구,영도구청,1,청동숯불갈비,갈비,22,6049900,274995,17,부산 영도구 태종로 341
busan_yeongdo,영도구,영도구청,2,바보낙지,"해물,생선",18,3619000,201056,17,부산 영도구 해양로195번길 180
busan_yeongdo,영도구,영도구청,3,동운횟집,회,17,3868000,227529,17,부산 영도구 하리해안길 10-5
busan_yeongdo,영도구,영도구청,4,신흥반점,중국요리,17,3384000,199059,17,부산 영도구 동삼로 45
busan_yeongdo,영도구,영도구청,5,장원쌈밥,쌈밥,14,1804000,128857,9,부산 영도구 중리로 46-9
busan_yeongdo,영도구,영도구청,6,칠암만장,한식,13,1864000,143385,13,부산 영도구 해양로247번길 35
busan_yeongdo,영도구,영도구청,7,해대이모횟집,회,11,1250000,113636,10,부산 영도구 태종로 709
busan_yeongdo,영도구,영도구청,8,함지골생아구찜,아구,11,1814300,164936,9,부산 영도구 동삼로28번길 29
busan_yeongdo,영도구,영도구청,9,진부령황태탕,"해물,생선",10,984000,98400,8,부산 영도구 절영로 448
busan_yeongdo,영도구,영도구청,10,청송농원,오리,9,1675000,186111,9,부산 영도구 동삼로 120
busan_yeonje,연제구,연제구청,1,연산정,한식,16,4007000,250438,14,부산 연제구 연제로8번길 54
busan_yeonje,연제구,연제구청,2,석정,빌딩,12,2740000,228333,8,부산 연제구 월드컵대로145번길 32
busan_yeonje,연제구,연제구청,3,연산순수장족발,"족발,보쌈",11,3002000,272909,11,부산 연제구 중앙천로4번길 17
busan_yeonje,연제구,연제구청,4,맛나감자탕,감자탕,8,3268000,408500,8,부산 연제구 중앙대로1150번길 41
busan_yeonje,연제구,연제구청,5,평양냉면,한식,8,2145000,268125,5,부산 연제구 아시아드대로28번길 13
busan_yeonje,연제구,연제구청,6,풍미,회,7,2650000,378571,7,부산 연제구 거제대로178번길 67
busan_yeonje,연제구,연제구청,7,마조레,이탈리안,6,1852500,308750,6,부산 연제구 거제시장로11번길 21
busan_yeonje,연제구,연제구청,8,이상은파스타,이탈리안,6,700000,116667,6,부산 연제구 거제천로269번길 32
busan_yeonje,연제구,연제구청,9,샤브20 연산점,샤브샤브,6,1475200,245867,5,부산 연제구 과정로 152
busan_yeonje,연제구,연제구청,10,식당3선 연제점,갈비,6,1096000,182667,5,부산 연제구 거제대로 209
buyeo,부여군,부여군청,1,서동한우,"육류,고기",20,2943153,147158,11,충남 부여군 규암면 호수로 105
buyeo,부여군,부여군청,2,제일정육식당,"육류,고기",12,5959,497,9,충남 부여군 부여읍 부여로 5-8
buyeo,부여군,부여군청,3,황토정,"육류,고기",9,737333,81926,8,충남 부여군 규암면 백제문로 30
buyeo,부여군,부여군청,4,석담복아구,아구,8,698993,87374,8,충남 부여군 부여읍 사비로71번길 7
buyeo,부여군,부여군청,5,구드래한우타운,"육류,고기",8,1763993,220499,7,충남 부여군 부여읍 나루터로 25
buyeo,부여군,부여군청,6,전복나라,"굴,전복",8,377959,47245,7,충남 부여군 부여읍 궁남로 4
buyeo,부여군,부여군청,7,이민물장어하우스,장어,8,1820000,227500,6,충남 부여군 규암면 백제문로304번길 59-2
buyeo,부여군,부여군청,8,계백관,"육류,고기",8,1071430,133929,6,충남 부여군 부여읍 월함로 3
buyeo,부여군,부여군청,9,산장식당,"매운탕,해물탕",7,1384668,197810,7,충남 부여군 부여읍 사비로 11
buyeo,부여군,부여군청,10,장어촌,장어,7,257894,36842,7,충남 부여군 부여읍 궁남로 6-1
changnyeong,창녕군,창녕군청,1,창녕대가,"육류,고기",54,18947000,350870,32,경남 창녕군 창녕읍 화왕산로 66
changnyeong,창녕군,창녕군청,2,남해바다돌판횟집,회,20,6863000,343150,17,경남 창녕군 창녕읍 창녕시장길 27-20
changnyeong,창녕군,창녕군청,3,고기굽는마을,"육류,고기",19,6022000,316947,15,경남 창녕군 창녕읍 우포1대로 1561
changnyeong,창녕군,창녕군청,4,가현한우식육식당,"육류,고기",18,6011000,333944,14,경남 창녕군 대지면 경남대로 4897-48
changnyeong,창녕군,창녕군청,5,하선가,닭요리,18,3616000,200889,10,경남 창녕군 대지면 효정직교길 129
changnyeong,창녕군,창녕군청,6,말이네갈비,갈비,18,7122000,395667,6,경남 창녕군 부곡면 부곡로 50-1
changnyeong,창녕군,창녕군청,7,양반청국장,한식,16,3723000,232688,13,경남 창녕군 창녕읍 화왕산로 64
changnyeong,창녕군,창녕군청,8,황실순보리,한식,16,2911000,181938,8,경남 창녕군 창녕읍 자하곡길 26
changnyeong,창녕군,창녕군청,9,고향마을,곰탕,15,4877000,325133,13,경남 창녕군 계성면 명리공단길 35
changnyeong,창녕군,창녕군청,10,북면자연농원,오리,14,2678000,191286,10,경남 창녕군 계성면 영산계성로 397-5
cheonan,천안시,천안시청,1,쌈채가득,쌈밥,35,7551000,215743,14,충남 천안시 서북구 백석동 29-1 1층
cheonan,천안시,천안시청,2,녹산정,"육류,고기",34,6658000,195824,27,충남 천안시 서북구 오성6길 13-1
cheonan,천안시,천안시청,3,천안송도갈비,갈비,30,6910160,230339,20,충남 천안시 서북구 검은들1길 25
cheonan,천안시,천안시청,4,천안똑순이아구찜,아구,29,1745000,60172,4,충남 천안시 동남구 용곡5길 31
cheonan,천안시,천안시청,5,명장복집,복어,28,3332100,119004,18,충남 천안시 서북구 두정로 98
cheonan,천안시,천안시청,6,피양옥 신불당점,한식,23,3722100,161830,19,충남 천안시 서북구 불당25로 176
cheonan,천안시,천안시청,7,도솔쉼터,한파쉼터,22,693000,31500,17,충남 천안시 서북구 번영로 156
cheonan,천안시,천안시청,8,비풍초칼국수,실내포장마차,20,2166000,108300,18,충남 천안시 서북구 불당2길 24-2
cheonan,천안시,천안시청,9,일능이,닭요리,20,2433000,121650,12,충남 천안시 동남구 원성2교길 46
cheonan,천안시,천안시청,10,껄떡돼지,"육류,고기",20,5652000,282600,5,충남 천안시 서북구 늘푸른3길 7-5
cheongdo,청도군,청도군청,1,봉황숯불가든,"육류,고기",4,2054000,513500,1,경북 청도군 화양읍 산성강변길 514
cheongdo,청도군,청도군청,2,안압정갈비식당,한정식,3,3920000,1306667,1,경북 청도군 화양읍 연지안길 33-9
cheongdo,청도군,청도군청,3,참맛있는고기집,"육류,고기",3,2057000,685667,1,경북 청도군 화양읍 청화로 53
cheongdo,청도군,청도군청,4,나누리식당,닭요리,3,1225000,408333,1,경북 청도군 화양읍 청화로 64
cheongdo,청도군,청도군청,5,제주포크마실,한식,3,1210000,403333,1,경북 청도군 청도읍 청화로 239
cheongdo,청도군,청도군청,6,백운숯불갈비,갈비,2,2285000,1142500,1,경북 청도군 청도읍 고수구길 30
cheongdo,청도군,청도군청,7,초담대복집,복어,2,850000,425000,1,경북 청도군 청도읍 고수구길 90
cheongdo,청도군,청도군청,8,한재전원,"육류,고기",1,1560000,1560000,1,경북 청도군 청도읍 양지길 17
cheongdo,청도군,청도군청,9,밥이랑분식,분식,1,633000,633000,1,경북 청도군 매전면 청려로 3731
cheongdo,청도군,청도군청,10,납닥바위곰탕,곰탕,1,480000,480000,1,경북 청도군 청도읍 한내길 188
cheongju,청주시,청주시청,1,양촌장어가,장어,52,7632000,146769,20,충북 청주시 상당구 단재로 407
cheongju,청주시,청주시청,2,분당만강원 청주직영,중국요리,47,5642000,120043,27,충북 청주시 청원구 상당로 314
cheongju,청주시,청주시청,3,한식더고기,"육류,고기",40,5773900,144348,29,충북 청주시 상당구 무심동로372번길 21-14
cheongju,청주시,청주시청,4,오복원조칼국수,칼국수,39,4149000,106385,35,충북 청주시 상당구 무심동로372번길 41
cheongju,청주시,청주시청,5,밥이랑고기랑,"육류,고기",33,2539000,76939,19,충북 청주시 청원구 새터로 46
cheongju,청주시,청주시청,6,자연산버섯집,한식,32,3749000,117156,19,충북 청주시 청원구 새터로 19-1
cheongju,청주시,청주시청,7,토담,한정식,31,4725000,152419,27,충북 청주시 상당구 상당로59번길 45-2
cheongju,청주시,청주시청,8,정가네,"해물,생선",31,2553000,82355,27,충북 청주시 흥덕구 사운로 199
cheongju,청주시,청주시청,9,계룡산삼식당,한식,29,5787000,199552,28,충북 청주시 상당구 교동로3번길 163
cheongju,청주시,청주시청,10,푸에고 네그로,스페인음식,27,3571000,132259,21,충북 청주시 상당구 상당로115번길 50
cheongsong,청송군,청송군청,1,한마음가든,"육류,고기",29,7641000,263483,20,경북 청송군 청송읍 의료원길 38
cheongsong,청송군,청송군청,2,주왕산버섯백숙,닭요리,26,4451000,171192,20,경북 청송군 청송읍 금월로 274-1
cheongsong,청송군,청송군청,3,이화선의 청송미담,한식,24,4815000,200625,10,경북 청송군 청송읍 월막6길 4
cheongsong,청송군,청송군청,4,약초갈비랜드,갈비,21,5519000,262810,15,경북 청송군 청송읍 현충로 14
cheongsong,청송군,청송군청,5,송원가든,"육류,고기",18,2215000,123056,8,경북 청송군 청송읍 중앙로 249-5
cheongsong,청송군,청송군청,6,청향,회,18,2692000,149556,5,경북 청송군 청송읍 중앙로 291-1
cheongsong,청송군,청송군청,7,주왕산한우숯불갈비,갈비,17,4093000,240765,8,경북 청송군 청송읍 중앙로 354
cheongsong,청송군,청송군청,8,언양가든,"육류,고기",15,5452000,363467,11,경북 청송군 청송읍 망미정1길 3
cheongsong,청송군,청송군청,9,학성식당,"육류,고기",12,3412000,284333,10,경북 청송군 청송읍 중앙로 217-1
cheongsong,청송군,청송군청,10,웰빙하우스,닭요리,10,1102000,110200,9,경북 청송군 청송읍 휴양단지길 34-1
cheorwon,철원군,철원군청,1,원정본가,"육류,고기",56,14196700,253512,21,강원특별자치도 철원군 갈말읍 명성로158번길 15-1
cheorwon,철원군,철원군청,2,한솔가든,한식,19,4712000,248000,12,강원특별자치도 철원군 갈말읍 순담길 178
cheorwon,철원군,철원군청,3,대포항,일식,16,5609000,350562,10,강원특별자치도 철원군 갈말읍 삼부연로18번길 16-13
cheorwon,철원군,철원군청,4,동주산성,"육류,고기",14,3407500,243393,10,강원특별자치도 철원군 갈말읍 호국로 4507
cheorwon,철원군,철원군청,5,철원식당,한식,14,6720000,480000,8,강원특별자치도 철원군 갈말읍 태봉로 1529
cheorwon,철원군,철원군청,6,뚱이네밥집,한식,14,1799100,128507,6,강원특별자치도 철원군 갈말읍 신철원리 697 1층
cheorwon,철원군,철원군청,7,철원갈비,갈비,13,5001000,384692,5,강원특별자치도 철원군 갈말읍 삼부연로8번길 6
cheorwon,철원군,철원군청,8,육남매두부마을,두부전문점,12,3179000,264917,8,강원특별자치도 철원군 갈말읍 명성로 120
cheorwon,철원군,철원군청,9,기와집,쌈밥,10,1809000,180900,7,강원특별자치도 철원군 갈말읍 갈말로 369
cheorwon,철원군,철원군청,10,어화보,"해물,생선",9,1491000,165667,7,강원특별자치도 철원군 동송읍 이평3로 139
chilgok,칠곡군,칠곡군청,1,만수전복,"굴,전복",36,5389000,149694,26,경북 칠곡군 왜관읍 전원3길 7
chilgok,칠곡군,칠곡군청,2,장수옥식당,한식,23,3100000,134783,16,경북 칠곡군 왜관읍 석전로 26-3
chilgok,칠곡군,칠곡군청,3,동해횟집,회,21,2684500,127833,13,경북 칠곡군 동명면 금암중앙길 61
chilgok,칠곡군,칠곡군청,4,대호생복어,복어,20,3547000,177350,17,경북 칠곡군 왜관읍 평장1길 6
chilgok,칠곡군,칠곡군청,5,배영태한우전문점,정육점,15,4530000,302000,8,경북 칠곡군 기산면 칠곡대로 1220
chilgok,칠곡군,칠곡군청,6,파시횟집,"초밥,롤",14,2175000,155357,10,경북 칠곡군 왜관읍 시장1길 12
chilgok,칠곡군,칠곡군청,7,다와명품돌솥밥,한식,13,2016000,155077,12,경북 칠곡군 왜관읍 중앙로 41
chilgok,칠곡군,칠곡군청,8,정만경,한식,13,1612000,124000,8,경북 칠곡군 왜관읍 봉계로 235
chilgok,칠곡군,칠곡군청,9,다올,오리,12,1705000,142083,11,경북 칠곡군 석적읍 남율1길 30
chilgok,칠곡군,칠곡군청,10,윤훈식농가쌈밥,쌈밥,11,1057000,96091,10,경북 칠곡군 왜관읍 석전로 57
chuncheon,춘천시,춘천시청,1,나라앤미네,참치회,38,6554000,172474,29,강원특별자치도 춘천시 중앙로 41-3
chuncheon,춘천시,춘천시청,2,맥고을,한식,28,12655000,451964,26,강원특별자치도 춘천시 서부대성로44번길 11-1
chuncheon,춘천시,춘천시청,3,해신탕능이마을,한식,28,5001000,178607,21,강원특별자치도 춘천시 영서로 2508
chuncheon,춘천시,춘천시청,4,별당막국수,국수,28,8944500,319446,19,강원특별자치도 춘천시 춘천로81번길 15
chuncheon,춘천시,춘천시청,5,서영이네맛집,한식,25,7238000,289520,21,강원특별자치도 춘천시 옥천길 27
chuncheon,춘천시,춘천시청,6,회영루,중국요리,24,12645000,526875,23,강원특별자치도 춘천시 금강로 38
chuncheon,춘천시,춘천시청,7,함지,양식,22,4962000,225545,17,강원특별자치도 춘천시 중앙로 101
chuncheon,춘천시,춘천시청,8,유일관,"불고기,두루치기",21,4272400,203448,18,강원특별자치도 춘천시 시청길 14
chuncheon,춘천시,춘천시청,9,봄래원,한정식,21,4895000,233095,17,강원특별자치도 춘천시 옥천길 45
chuncheon,춘천시,춘천시청,10,미다미,일식,17,3293000,193706,14,강원특별자치도 춘천시 동면 후만로 180
chungbuk_do,충청북도청,충청북도청,1,문화동본가,한식,104,21483000,206567,33,충북 청주시 상당구 대성로 102-15
chungbuk_do,충청북도청,충청북도청,2,오리골,오리,73,9459000,129575,46,충북 청주시 상당구 대성로 98-8
chungbuk_do,충청북도청,충청북도청,3,성안골,한식,72,9209000,127903,45,충북 청주시 상당구 상당로59번길 37-6
chungbuk_do,충청북도청,충청북도청,4,부산회관,"육류,고기",58,15559000,268259,32,충북 청주시 상당구 당산로 7
chungbuk_do,충청북도청,충청북도청,5,토담,한정식,57,6732000,118105,37,충북 청주시 상당구 상당로59번길 45-2
chungbuk_do,충청북도청,충청북도청,6,조선면옥,갈비,50,8127000,162540,32,충북 청주시 상당구 상당로69번길 58
chungbuk_do,충청북도청,충청북도청,7,매생이집,"해물,생선",47,7811500,166202,29,충북 청주시 상당구 교동로3번길 54
chungbuk_do,충청북도청,충청북도청,8,권가네열무비빔밥,한식,46,2550700,55450,21,충북 청주시 상당구 남사로93번길 28
chungbuk_do,충청북도청,충청북도청,9,대추나무집,한식,42,8322000,198143,35,충북 청주시 상당구 상당로 40-12
chungbuk_do,충청북도청,충청북도청,10,불총칼국수,칼국수,41,2985000,72805,27,충북 청주시 상당구 우암산로 4
chungju,충주시,충주시청,1,성진복식당,복어,40,4948000,123700,35,충북 충주시 금제1길 25
chungju,충주시,충주시청,2,뚝딱김치찌개삼겹살,"찌개,전골",37,8664000,234162,36,충북 충주시 금제9길 38
chungju,충주시,충주시청,3,정담,쌈밥,29,3666000,126414,26,충북 충주시 팽고리산길 94
chungju,충주시,충주시청,4,진미삼겹살,삼겹살,26,17778000,683769,25,충북 충주시 금제1길 21
chungju,충주시,충주시청,5,다원,"육류,고기",25,6078000,243120,18,충북 충주시 예성로 372
chungju,충주시,충주시청,6,강계화청국장,"찌개,전골",24,5297000,220708,21,충북 충주시 금제7길 10
chungju,충주시,충주시청,7,꼬마각시금릉점,한식,23,3355000,145870,20,충북 충주시 금제4길 6
chungju,충주시,충주시청,8,천용맛집,한식,22,3522000,160091,21,충북 충주시 금제6길 2-1
chungju,충주시,충주시청,9,달인칼국수,칼국수,19,3943000,207526,18,충북 충주시 금제8길 3
chungju,충주시,충주시청,10,우미가,"육류,고기",19,6261000,329526,16,충북 충주시 금봉대로 838
cw_city,창원시,창원특례시청,1,해정일식(해정다찌),일식·다찌,67,14468000,215940,,경남 창원시 성산구 용지로153번길 4-25
cw_city,창원시,창원특례시청,2,덕담골,한정식·산채,50,12851000,257020,,경남 창원시 성산구 용지로153번길 4-17
cw_city,창원시,창원특례시청,3,남송생복어요리,복어요리,49,8904300,181720,,경남 창원시 성산구 용지로153번길 4-15
cw_city,창원시,창원특례시청,4,백제계삼탕(백제인),삼계탕·보양,34,4809000,141441,,경남 창원시 성산구 마디미로73번길 20
cw_city,창원시,창원특례시청,5,룡정,중국요리,32,6083000,190094,,경남 창원시 성산구 용지로153번길 10
cw_city,창원시,창원특례시청,6,백제13월 중동점,삼계탕·한식,31,7937000,256032,,경남 창원시 의창구 원이대로56번길 2-75
cw_city,창원시,창원특례시청,7,놀부보쌈 창원점,보쌈·한식,26,2890000,111154,,경남 창원시 성산구 용지로153번길 3
cw_city,창원시,창원특례시청,8,하나미,일식,26,5763000,221654,,경남 창원시 성산구 용지로169번길 7
cw_city,창원시,창원특례시청,9,목포밴댕이,해물·남도한식,25,3248800,129952,,경남 창원시 성산구 중앙대로 95
cw_city,창원시,창원특례시청,10,깡돌찜닭,찜닭,22,4206000,191182,,경남 창원시 성산구 용지로169번길 11-19
cw_happo,마산합포구,창원특례시청,1,장군갈비탕,한식,10,840000,84000,,경남 창원시 마산합포구 중앙남5길 80
cw_happo,마산합포구,창원특례시청,2,영생각,중국요리,9,3142000,349111,,경남 창원시 마산합포구 3.15대로 200
cw_happo,마산합포구,창원특례시청,3,복호두 경남대점,복호두,8,915200,114400,,경남 창원시 마산합포구 3.15대로 9
cw_happo,마산합포구,창원특례시청,4,합포상회,"서비스,산업",7,1526400,218057,,경남 창원시 마산합포구 합포서10길 2-2
cw_happo,마산합포구,창원특례시청,5,한양면옥,냉면,7,817000,116714,,경남 창원시 마산합포구 서성로 12
cw_happo,마산합포구,창원특례시청,6,한상차림,한식,7,1034000,147714,,경남 창원시 마산합포구 현동7길 28
cw_happo,마산합포구,창원특례시청,7,과일소풍,"과일,채소가게",6,449000,74833,,경남 창원시 마산합포구 고운로 8
cw_happo,마산합포구,창원특례시청,8,삼대초밥,"초밥,롤",6,1986000,331000,,경남 창원시 마산합포구 합포로 11
cw_happo,마산합포구,창원특례시청,9,천일식육식당,"육류,고기",5,1532000,306400,,경남 창원시 마산합포구 현동7길 28
cw_happo,마산합포구,창원특례시청,10,BSB돈까스,"돈까스,우동",5,570000,114000,,경남 창원시 마산합포구 중앙남2길 16
cw_hoewon,마산회원구,창원특례시청,1,볕뜰담,"육류,고기",12,2790000,232500,,경남 창원시 마산회원구 봉암공단로 42
cw_hoewon,마산회원구,창원특례시청,2,만선참가자미,회,11,1606000,146000,,경남 창원시 마산회원구 회원동25길 2
cw_hoewon,마산회원구,창원특례시청,3,백두산숯불왕갈비,갈비,9,1628000,180889,,경남 창원시 마산회원구 산호천동길 38
cw_hoewon,마산회원구,창원특례시청,4,수제비녹두집,수제비,6,1666000,277667,,경남 창원시 마산회원구 회원동로 78-1
cw_hoewon,마산회원구,창원특례시청,5,솔밭집,오리,6,1704000,284000,,경남 창원시 마산회원구 양덕동18길 26
cw_hoewon,마산회원구,창원특례시청,6,훔친갈비,갈비,6,1505000,250833,,경남 창원시 마산회원구 양덕로 116
cw_hoewon,마산회원구,창원특례시청,7,거창가든,오리,6,1417000,236167,,경남 창원시 마산회원구 송평로 170
cw_hoewon,마산회원구,창원특례시청,8,대림식당,한식,5,1048000,209600,,경남 창원시 마산회원구 회원동24길 36
cw_hoewon,마산회원구,창원특례시청,9,초정횟집,회,5,967000,193400,,경남 창원시 마산회원구 구암남6길 27
cw_hoewon,마산회원구,창원특례시청,10,마당있는 집,오리,4,785000,196250,,경남 창원시 마산회원구 합성옛길 238
cw_jinhae,진해구,창원특례시청,1,담선복국,복어,9,1616000,179556,,경남 창원시 진해구 자은로40번길 16
cw_jinhae,진해구,창원특례시청,2,진해반점,중국요리,8,2656000,332000,,경남 창원시 진해구 이동 598-5 2동 1-4층
cw_jinhae,진해구,창원특례시청,3,성산명가,"육류,고기",7,1019000,145571,,경남 창원시 진해구 진해대로1033번길 5
cw_jinhae,진해구,창원특례시청,4,석동자연오리,오리,7,714000,102000,,경남 창원시 진해구 돌리로15번길 12
cw_jinhae,진해구,창원특례시청,5,지리산,삼계탕,6,1182000,197000,,경남 창원시 진해구 자은로40번길 4
cw_jinhae,진해구,창원특례시청,6,장수촌,닭요리,6,1283000,213833,,경남 창원시 진해구 대장로212번길 6
cw_jinhae,진해구,창원특례시청,7,한산대장어,장어,6,805000,134167,,경남 창원시 진해구 이동로40번길 39
cw_jinhae,진해구,창원특례시청,8,수제국수,국수,5,1118000,223600,,경남 창원시 진해구 진해대로975번길 7-7
cw_jinhae,진해구,창원특례시청,9,생과방,삼계탕,5,1170000,234000,,경남 창원시 진해구 자은로64번길 32
cw_jinhae,진해구,창원특례시청,10,해물나라,"해물,생선",5,446000,89200,,경남 창원시 진해구 웅천중로 50
daegu_buk,대구 북구,대구 북구청,1,등푸른생선집,"해물,생선",42,4549778,108328,29,대구 북구 원대로23길 11
daegu_buk,대구 북구,대구 북구청,2,감미정,"해물,생선",41,3869700,94383,37,대구 북구 옥산로9길 25
daegu_buk,대구 북구,대구 북구청,3,라라코스트 침산점,라라코스트,36,3398977,94416,24,대구 북구 옥산로 95
daegu_buk,대구 북구,대구 북구청,4,예원,중국요리,34,8537505,251103,26,대구 북구 원대로 119
daegu_buk,대구 북구,대구 북구청,5,이방인식당,회,30,3236000,107867,21,대구 북구 옥산로9길 33
daegu_buk,대구 북구,대구 북구청,6,최정자백년식당,"해물,생선",29,2075198,71559,26,대구 북구 원대로 113
daegu_buk,대구 북구,대구 북구청,7,풍촌코다리네,"해물,생선",28,2044158,73006,25,대구 북구 고성북로 21
daegu_buk,대구 북구,대구 북구청,8,진미능이버섯골,한식,26,2958174,113776,22,대구 북구 원대로21길 6
daegu_buk,대구 북구,대구 북구청,9,오름,인테리어,26,5569699,214219,20,대구 북구 학정동로 7
daegu_buk,대구 북구,대구 북구청,10,비학산옻닭식당,삼계탕,21,1610070,76670,17,대구 북구 원대로19길 6
daegu_city,대구광역시,대구광역시청,1,감포생밀복,복어,100,17481800,174818,72,대구 북구 침산남로7길 2-1
daegu_city,대구광역시,대구광역시청,2,온돌방,호텔,95,16955720,178481,60,대구 수성구 용학로 106-7
daegu_city,대구광역시,대구광역시청,3,장원,갈비,78,15850400,203210,55,대구 북구 대구체육관로8길 6
daegu_city,대구광역시,대구광역시청,4,침산곤지곤지,한식,67,9125100,136196,45,대구 북구 침산남로37길 27
daegu_city,대구광역시,대구광역시청,5,최고집,"육류,고기",62,10228200,164971,38,대구 중구 국채보상로131길 18-11
daegu_city,대구광역시,대구광역시청,6,고기9단 침산직영점,"육류,고기",56,10468000,186929,35,대구 북구 침산남로 197
daegu_city,대구광역시,대구광역시청,7,성원정,한식,49,8451900,172488,33,대구 중구 경상감영길 286-33
daegu_city,대구광역시,대구광역시청,8,조르지오피렌체,이탈리안,47,7269900,154679,34,대구 북구 호암로 51
daegu_city,대구광역시,대구광역시청,9,정동진,회,42,6892500,164107,32,대구 북구 동북로 261
daegu_city,대구광역시,대구광역시청,10,창미고깃집,"육류,고기",39,6923000,177513,21,대구 북구 오봉로 13
daegu_dalseo,달서구,달서구청,1,솥밥명가,한식,30,1342332,44744,17,대구 달서구 학산로7길 63
daegu_dalseo,달서구,달서구청,2,유미정원,한정식,24,1738351,72431,13,대구 달서구 수밭길 48
daegu_dalseo,달서구,달서구청,3,본동복어,복어,23,3108153,135137,13,대구 달서구 와룡로 79
daegu_dalseo,달서구,달서구청,4,상도회초밥,"초밥,롤",18,1802081,100116,8,대구 달서구 구마로 112
daegu_dalseo,달서구,달서구청,5,이우철한방누룽지삼계탕,삼계탕,15,1182218,78815,9,대구 달서구 용산로 82
daegu_dalseo,달서구,달서구청,6,한미식당,"초밥,롤",15,1680150,112010,3,대구 달서구 와룡로 62
daegu_dalseo,달서구,달서구청,7,취팔선,중국요리,12,1157922,96494,9,대구 달서구 상화로 55
daegu_dalseo,달서구,달서구청,8,신고령촌돼지찌개,"찌개,전골",12,544386,45366,8,대구 달서구 월성로 14
daegu_dalseo,달서구,달서구청,9,금등어,한식,12,73454,6121,7,대구 달서구 진천로16길 39
daegu_dalseo,달서구,달서구청,10,과일향기,"과일,채소가게",12,102705,8559,5,대구 달서구 야외음악당로7길 63
daegu_dalseong,달성군,달성군청,1,부산식당,한식,67,8521788,127191,50,대구 달성군 옥포읍 용연사길 111
daegu_dalseong,달성군,달성군청,2,강림추어탕,추어,55,3677666,66867,41,대구 달성군 옥포읍 강림1길 3-6
daegu_dalseong,달성군,달성군청,3,부산진국밥,국밥,36,2222500,61736,25,대구 달성군 논공읍 비슬로 1776
daegu_dalseong,달성군,달성군청,4,짬뽕전문 대흥이,중국요리,35,3841000,109743,29,대구 달성군 논공읍 비슬로 1862
daegu_dalseong,달성군,달성군청,5,옥포뜰,한식,33,3664114,111034,27,대구 달성군 옥포읍 용연사길 102
daegu_dalseong,달성군,달성군청,6,냄비집,국밥,30,3392100,113070,25,대구 달성군 논공읍 비슬로 1556
daegu_dalseong,달성군,달성군청,7,장군소머리곰탕,한식,30,2344500,78150,24,대구 달성군 논공읍 금강로 46
daegu_dalseong,달성군,달성군청,8,대박소양곰탕,곰탕,28,2139161,76399,23,대구 달성군 논공읍 비슬로 1572
daegu_dalseong,달성군,달성군청,9,풍국면 달성군청점,한식,28,1789677,63917,23,대구 달성군 논공읍 달성군청로 30
daegu_dalseong,달성군,달성군청,10,옥포식당,"매운탕,해물탕",26,4429000,170346,19,대구 달성군 옥포읍 옥포로 215
daegu_dong,대구 동구,대구 동구청,1,대청봉,"사철탕,영양탕",10,959000,95900,7,대구 동구 아양로 206-1
daegu_dong,대구 동구,대구 동구청,2,라파체,이탈리안,10,546900,54690,5,대구 동구 동촌로 200
daegu_dong,대구 동구,대구 동구청,3,명산가,한식,9,746000,82889,8,대구 동구 공항로 140
daegu_dong,대구 동구,대구 동구청,4,더 부자백숙본점,삼계탕,9,1008000,112000,5,대구 중구 태평로 240
daegu_dong,대구 동구,대구 동구청,5,오리짱,오리,7,1050900,150129,7,대구 동구 효동로6길 86
daegu_dong,대구 동구,대구 동구청,6,한가위집밥,한식,7,666000,95143,6,대구 동구 공항로56길 52
daegu_dong,대구 동구,대구 동구청,7,대성식당,한식,7,2477000,353857,5,대구 동구 아양로 193-4
daegu_dong,대구 동구,대구 동구청,8,코지하우스,코지하우스,7,594000,84857,5,대구 동구 대림동 892-3 2층 201호
daegu_dong,대구 동구,대구 동구청,9,영천한우소머리곰탕,곰탕,7,362500,51786,5,대구 동구 반야월로28길 7
daegu_dong,대구 동구,대구 동구청,10,한우왕k2점,"육류,고기",7,1031000,147286,1,대구 동구 아양로 323-1
daegu_jung,대구 중구,대구 중구청,1,소나무향,"육류,고기",20,4477000,223850,15,대구 중구 동덕로30길 75
daegu_jung,대구 중구,대구 중구청,2,황소식당,"육류,고기",18,1700000,94444,14,대구 중구 중앙대로 434-6
daegu_jung,대구 중구,대구 중구청,3,동인1번지,갈비,15,1982500,132167,14,대구 중구 동덕로36길 78
daegu_jung,대구 중구,대구 중구청,4,최고집,"육류,고기",11,963000,87545,11,대구 중구 국채보상로131길 18-11
daegu_jung,대구 중구,대구 중구청,5,온돌방,호텔,11,962000,87455,11,대구 중구 달구벌대로 2033
daegu_jung,대구 중구,대구 중구청,6,찹찹찹,이탈리안,10,1354000,135400,10,대구 중구 동덕로30길 69
daegu_jung,대구 중구,대구 중구청,7,브린디스,양식,9,1092000,121333,9,대구 중구 달구벌대로447길 34-39
daegu_jung,대구 중구,대구 중구청,8,온돌방식당,한식,9,804600,89400,9,대구 중구 동성로12길 72-9
daegu_jung,대구 중구,대구 중구청,9,미가식당,"해물,생선",9,766800,85200,9,대구 중구 교동길 48-1
daegu_jung,대구 중구,대구 중구청,10,라꾸엔,일식,9,993000,110333,8,대구 중구 명덕로 315
daegu_nam,대구 남구,대구 남구청,1,예송식당,한식,41,172612,4210,28,대구 남구 이천로12길 13-1
daegu_nam,대구 남구,대구 남구청,2,정우식당,"초밥,롤",37,807652,21828,26,대구 남구 장전2길 68-3
daegu_nam,대구 남구,대구 남구청,3,백복수반,한식,35,38501,1100,23,대구 남구 앞산순환로 391
daegu_nam,대구 남구,대구 남구청,4,명동식당,한식,35,7572,216,8,대구 남구 양지북길 99
daegu_nam,대구 남구,대구 남구청,5,백합칼국수,칼국수,32,1259,39,8,대구 남구 이천로 48
daegu_nam,대구 남구,대구 남구청,6,한결같은식당,일식,30,402389,13413,28,대구 남구 봉덕남로 63
daegu_nam,대구 남구,대구 남구청,7,예가복어,복어,30,47716,1591,23,대구 남구 이천로 52
daegu_nam,대구 남구,대구 남구청,8,생갈비전문점설화,갈비,28,880123,31433,25,대구 남구 봉덕로 35
daegu_nam,대구 남구,대구 남구청,9,화신불고기,한식,28,8098,289,21,대구 남구 봉덕로13길 17-1
daegu_nam,대구 남구,대구 남구청,10,청라연,한정식,25,3884,155,18,대구 남구 두류공원로 62
daegu_seo,대구 서구,대구 서구청,1,동인,중국요리,56,9430170,168396,47,대구 서구 국채보상로 295
daegu_seo,대구 서구,대구 서구청,2,세복해물찜,"매운탕,해물탕",46,5943300,129202,35,대구 서구 국채보상로48길 37
daegu_seo,대구 서구,대구 서구청,3,평리당,양식,45,6585800,146351,39,대구 서구 국채보상로 240
daegu_seo,대구 서구,대구 서구청,4,어등,일식,41,8275000,201829,27,대구 서구 서대구로 39
daegu_seo,대구 서구,대구 서구청,5,청송약수삼계탕,삼계탕,40,8359800,208995,40,대구 서구 서대구로 130
daegu_seo,대구 서구,대구 서구청,6,안동한우생고기,한식,38,5840400,153695,35,대구 서구 통학로23길 25
daegu_seo,대구 서구,대구 서구청,7,청담면옥,한식,36,7958800,221078,31,대구 서구 서대구로 127
daegu_seo,대구 서구,대구 서구청,8,사리원,"불고기,두루치기",29,5150200,177593,27,대구 서구 서대구로 113
daegu_seo,대구 서구,대구 서구청,9,곤드레참숯구이,"육류,고기",29,3086200,106421,23,대구 서구 국채보상로 143
daegu_seo,대구 서구,대구 서구청,10,남강장어,장어,28,4307100,153825,24,대구 서구 서대구로 36
daegu_suseong,수성구,수성구청,1,고미정,갈비,47,6542400,139200,22,대구 수성구 달구벌대로 2469
daegu_suseong,수성구,수성구청,2,울진참가자미,회,24,3291000,137125,14,대구 수성구 동원로28길 24-1
daegu_suseong,수성구,수성구청,3,홍두깨손칼국수,칼국수,22,3428000,155818,9,대구 수성구 범어로19길 43-4
daegu_suseong,수성구,수성구청,4,엄식당,한식,19,1978000,104105,14,대구 수성구 달구벌대로 2466
daegu_suseong,수성구,수성구청,5,청아람,한정식,18,2479500,137750,13,대구 수성구 동대구로56길 21
daegu_suseong,수성구,수성구청,6,동보성,중국요리,18,4685000,260278,10,대구 수성구 달구벌대로 2483
daegu_suseong,수성구,수성구청,7,부림산채,"육류,고기",17,1907000,112176,14,대구 수성구 국채보상로 949
daegu_suseong,수성구,수성구청,8,온아한,한식,13,1725000,132692,9,대구 수성구 달구벌대로504길 22
daegu_suseong,수성구,수성구청,9,청담동샤브 대구범어점,샤브샤브,13,1269600,97662,8,대구 수성구 달구벌대로492길 42-1
daegu_suseong,수성구,수성구청,10,춘산오가피삼계탕백숙,삼계탕,12,1766000,147167,8,대구 수성구 달구벌대로495길 27
daejeon_city,대전광역시,대전광역시청,1,명가전복,"굴,전복",140,11928200,85201,61,대전 서구 둔산중로72번길 26
daejeon_city,대전광역시,대전광역시청,2,가연,"육류,고기",125,13709900,109679,105,대전 서구 둔산로137번길 18
daejeon_city,대전광역시,대전광역시청,3,첨아각,중식,94,15774800,167817,69,대전 서구 둔산중로46번길 22
daejeon_city,대전광역시,대전광역시청,4,우두령,"육류,고기",93,14096900,151580,88,대전 서구 둔산중로64번길 33
daejeon_city,대전광역시,대전광역시청,5,워낭명가,"육류,고기",86,13644702,158659,77,대전 유성구 계룡로105번길 10
daejeon_city,대전광역시,대전광역시청,6,생어거스틴,생어거스틴,80,11554500,144431,59,대전 서구 둔산중로46번길 22
daejeon_city,대전광역시,대전광역시청,7,미향일식,참치회,80,7952000,99400,58,대전 서구 둔산로73번길 25
daejeon_city,대전광역시,대전광역시청,8,어명,"해물,생선",79,7424000,93975,66,대전 서구 둔산서로 9
daejeon_city,대전광역시,대전광역시청,9,황태명가,"해물,생선",72,4763100,66154,66,대전 서구 문예로 19
daejeon_city,대전광역시,대전광역시청,10,보생옥,"사철탕,영양탕",65,6227100,95802,51,대전 서구 둔산중로40번길 20
daejeon_daedeok,대덕구,대덕구청,1,꽁뚜,중식,35,5040800,144023,27,대전 대덕구 신탄진로36번길 111
daejeon_daedeok,대덕구,대덕구청,2,사랑채식당,한식,20,3573500,178675,16,대전 대덕구 한남로137번안길 16
daejeon_daedeok,대덕구,대덕구청,3,교동면옥대전중리점,교동면옥,18,1987500,110417,18,대전 대덕구 한밭대로 1100
daejeon_daedeok,대덕구,대덕구청,4,황해면옥,냉면,16,3810300,238144,14,대전 대덕구 한남로149번길 1
daejeon_daedeok,대덕구,대덕구청,5,또랑,한식,15,2333500,155567,13,대전 대덕구 계족로 550
daejeon_daedeok,대덕구,대덕구청,6,한밭삼계탕,삼계탕,14,2583000,184500,14,대전 대덕구 비래서로81번길 2
daejeon_daedeok,대덕구,대덕구청,7,사랑채,한식,12,1436200,119683,12,대전 대덕구 한남로137번안길 16
daejeon_daedeok,대덕구,대덕구청,8,제일추어탕,추어,12,623000,51917,10,대전 대덕구 한남로 137
daejeon_daedeok,대덕구,대덕구청,9,유황돼지촌,"육류,고기",11,1515000,137727,9,대전 대덕구 한남로137번길 15
daejeon_daedeok,대덕구,대덕구청,10,구들마루,"곱창,막창",10,1130800,113080,10,대전 대덕구 대전로 1009
daejeon_dong,대전 동구,대전 동구청,1,대선칼국수,칼국수,32,4919500,153734,21,대전 동구 은어송로51번길 20
daejeon_dong,대전 동구,대전 동구청,2,정참치,참치회,31,7680000,247742,20,대전 동구 은어송로51번길 16-8
daejeon_dong,대전 동구,대전 동구청,3,모락모락,한정식,30,4409500,146983,20,대전 동구 석천로 39-14
daejeon_dong,대전 동구,대전 동구청,4,외식,갈비,28,7578000,270643,23,대전 동구 대전로 435-9
daejeon_dong,대전 동구,대전 동구청,5,우신집,"사철탕,영양탕",25,3927000,157080,18,대전 동구 은어송로51번길 6-7
daejeon_dong,대전 동구,대전 동구청,6,최가네묵은지,한식,24,2750500,114604,8,대전 동구 신기로101번길 30-16
daejeon_dong,대전 동구,대전 동구청,7,청담고등어,"해물,생선",22,2515900,114359,19,대전 동구 대전로448번길 70
daejeon_dong,대전 동구,대전 동구청,8,대전옥,한식,22,4946000,224818,14,대전 동구 대동천우안4길 74
daejeon_dong,대전 동구,대전 동구청,9,아이엠일리터 가오점,아임일리터,20,405000,20250,13,대전 동구 은어송로51번길 12
daejeon_dong,대전 동구,대전 동구청,10,팔팔민물장어,장어,19,4328600,227821,14,대전 동구 대전로 608
daejeon_jung,대전 중구,대전 중구청,1,고려회관,한식,21,5007000,238429,17,대전 중구 중앙로109번길 30
daejeon_jung,대전 중구,대전 중구청,2,타향골,"육류,고기",19,6343000,333842,19,대전 중구 중교로 7-17
daejeon_jung,대전 중구,대전 중구청,3,종로할머니손칼국수,분식,18,1897500,105417,13,대전 중구 보문로 241-1
daejeon_jung,대전 중구,대전 중구청,4,동원식당,한식,17,2122000,124824,15,대전 중구 중교로 29
daejeon_jung,대전 중구,대전 중구청,5,손의손 대흥직영점,"해물,생선",16,1651500,103219,14,대전 중구 보문로260번길 26
daejeon_jung,대전 중구,대전 중구청,6,강변산닭,닭요리,15,1896000,126400,15,대전 중구 보문로260번길 8
daejeon_jung,대전 중구,대전 중구청,7,바다황제,회,14,2341000,167214,11,대전 중구 대흥로121번길 43
daejeon_jung,대전 중구,대전 중구청,8,손이가어죽칼국수,칼국수,13,3470000,266923,13,대전 중구 중앙로121번길 48
daejeon_jung,대전 중구,대전 중구청,9,월산본가,갈비,13,4913000,377923,12,대전 중구 대종로 455
daejeon_jung,대전 중구,대전 중구청,10,도어블,중식,13,1718000,132154,12,대전 중구 대흥로 117
daejeon_seo,대전 서구,대전 서구청,1,천년의 정원,중식,6,2649000,441500,5,대전 서구 만년로67번길 18-13
daejeon_seo,대전 서구,대전 서구청,2,오천항,"해물,생선",4,1240000,310000,4,대전 서구 계룡로509번길 41
daejeon_seo,대전 서구,대전 서구청,3,목련관,한정식,4,1060000,265000,4,대전 서구 갈마로169번길 11
daejeon_seo,대전 서구,대전 서구청,4,신라복집,복어,4,793000,198250,4,대전 서구 한밭대로707번길 30
daejeon_seo,대전 서구,대전 서구청,5,남한산성,한식,3,663000,221000,3,대전 서구 대덕대로234번길 45
daejeon_seo,대전 서구,대전 서구청,6,더꼬들참숯구이,"육류,고기",3,642000,214000,3,대전 서구 둔산로65번길 25
daejeon_seo,대전 서구,대전 서구청,7,대선칼국수,칼국수,2,740000,370000,2,대전 서구 둔산중로40번길 28
daejeon_seo,대전 서구,대전 서구청,8,태원,중국요리,2,707000,353500,2,대전 서구 문정로 19
daejeon_seo,대전 서구,대전 서구청,9,미향일식,참치회,2,640000,320000,2,대전 서구 둔산로73번길 25
daejeon_seo,대전 서구,대전 서구청,10,바다양푼이동태탕,바다양푼이동태탕,2,579000,289500,2,대전 서구 도안동로31번길 27-7
daejeon_yuseong,대전 유성구,유성구청,1,사랑담은,한정식,30,3624500,120817,19,대전 유성구 대학로203번길 17
daejeon_yuseong,대전 유성구,유성구청,2,어은스시,"초밥,롤",29,2578300,88907,20,대전 유성구 어은로48번길 9-11
daejeon_yuseong,대전 유성구,유성구청,3,전주하우스,한식,24,5081000,211708,18,대전 유성구 온천로101번길 36
daejeon_yuseong,대전 유성구,유성구청,4,동해참치,참치회,23,3947800,171643,21,대전 유성구 어은로52번길 2
daejeon_yuseong,대전 유성구,유성구청,5,과일나라,"과일,채소가게",23,6619000,287783,20,대전 유성구 노은로 358
daejeon_yuseong,대전 유성구,유성구청,6,형제돌구이,"육류,고기",17,1577100,92771,13,대전 유성구 계룡로52번길 14
daejeon_yuseong,대전 유성구,유성구청,7,대장간,"육류,고기",15,2744000,182933,13,대전 유성구 계룡로87번길 49
daejeon_yuseong,대전 유성구,유성구청,8,천하,"육류,고기",13,2996000,230462,10,대전 유성구 엑스포로 244-9
daejeon_yuseong,대전 유성구,유성구청,9,무어,이탈리안,11,942500,85682,10,대전 유성구 어은로58번길 20
daejeon_yuseong,대전 유성구,유성구청,10,농촌이야기,"과일,채소가게",11,5606000,509636,7,대전 유성구 농대로 27
damyang,담양군,담양군청,1,영빈관,"육류,고기",33,9601000,290939,22,전남광주통합특별시 담양군 담양읍 지침6길 45
damyang,담양군,담양군청,2,고부정,오리,30,9269700,308990,14,전남광주통합특별시 담양군 담양읍 지침6길 53
damyang,담양군,담양군청,3,남도한우,"육류,고기",24,6438600,268275,15,전남광주통합특별시 담양군 담양읍 죽향대로 1169
damyang,담양군,담양군청,4,솔내음,"매운탕,해물탕",22,3870000,175909,14,전남광주통합특별시 담양군 용면 추월산로 584
damyang,담양군,담양군청,5,유진정,오리,22,4553000,206955,12,전남광주통합특별시 담양군 금성면 시암골로 17
damyang,담양군,담양군청,6,삼보식당,한식,19,2898600,152558,16,전남광주통합특별시 담양군 월산면 도개길 15-53
damyang,담양군,담양군청,7,백제회관,한식,18,6799000,377722,15,전남광주통합특별시 담양군 담양읍 죽녹원로 21
damyang,담양군,담양군청,8,청출어람,샐러드,18,1358000,75444,14,전남광주통합특별시 담양군 담양읍 객사8길 25
damyang,담양군,담양군청,9,만나가든,오리,17,3883000,228412,11,전남광주통합특별시 담양군 담양읍 완동길 48-16
damyang,담양군,담양군청,10,덕인갈비,갈비,16,2736000,171000,7,전남광주통합특별시 담양군 담양읍 담주1길 6
dangjin,당진시,당진시청,1,무수동식당,한식,32,5405000,168906,28,충남 당진시 시장중앙길 64
dangjin,당진시,당진시청,2,수청회관,국밥,31,1591000,51323,22,충남 당진시 남부로 477
dangjin,당진시,당진시청,3,옹기촌,"육류,고기",29,6958000,239931,24,충남 당진시 무수동안길 13
dangjin,당진시,당진시청,4,항아리칼국수,칼국수,22,6433000,292409,11,충남 당진시 대덕1로1길 20-21
dangjin,당진시,당진시청,5,미래성황제해신탕,"해물,생선",19,6352000,334316,18,충남 당진시 먹거리길 42-36
dangjin,당진시,당진시청,6,백제가든,갈비,19,837000,44053,14,충남 당진시 대덕1로 29
dangjin,당진시,당진시청,7,메밀촌,오리,18,3306000,183667,6,충남 당진시 먹거리길 80-6
dangjin,당진시,당진시청,8,오리불고기,오리,17,5070000,298235,8,충남 당진시 송악읍 틀모시로 715
dangjin,당진시,당진시청,9,신벌떼해장국,해장국,16,4417500,276094,16,충남 당진시 무수동7길 123
dangjin,당진시,당진시청,10,방방칼국수,칼국수,16,1815000,113438,15,충남 당진시 교동길 12
danyang,단양군,단양군청,1,원스시,일식집,22,3117000,141682,13,충북 단양군 단양읍 도전7길 35
danyang,단양군,단양군청,2,보신각,한식,20,3453500,172675,13,충북 단양군 단양읍 별곡12길 10-14
danyang,단양군,단양군청,3,멍석갈비,갈비,14,2338000,167000,13,충북 단양군 단양읍 별곡12길 10-18
danyang,단양군,단양군청,4,계절그리기,한식,14,1751000,125071,11,충북 단양군 단양읍 다리안로 499
danyang,단양군,단양군청,5,영은식당,한식,14,2128000,152000,7,충북 단양군 단성면 충혼로 37
danyang,단양군,단양군청,6,성원마늘약선요리,한식,14,2384000,170286,6,충북 단양군 단양읍 삼봉로 59
danyang,단양군,단양군청,7,내담,"해물,생선",12,2419000,201583,12,충북 단양군 단양읍 별곡7길 12
danyang,단양군,단양군청,8,우리돼지마늘순대,순대,11,1369000,124455,9,충북 단양군 단양읍 도전4길 17-1
danyang,단양군,단양군청,9,장성반점,중국요리,11,721000,65545,8,충북 단양군 대강면 대강로 32
danyang,단양군,단양군청,10,장다리 마늘약선,한정식,11,1918000,174364,6,충북 단양군 단양읍 삼봉로 370
ddm,동대문구,동대문구청,1,시카고커리,퓨전요리,83,7064000,85108,63,서울 동대문구 천호대로31길 23
ddm,동대문구,동대문구청,2,알리고,이탈리안,78,11045080,141604,56,서울 동대문구 천호대로27길 8-2
ddm,동대문구,동대문구청,3,친친,중국요리,77,6256100,81248,64,서울 동대문구 정릉천동로 58
ddm,동대문구,동대문구청,4,경성농장,"육류,고기",77,9845600,127865,61,서울 동대문구 왕산로28길 25
ddm,동대문구,동대문구청,5,청마루 한우,"육류,고기",71,9584800,134997,52,서울 동대문구 왕산로28길 15
ddm,동대문구,동대문구청,6,참숯갈비화로촌,갈비,65,6749520,103839,53,서울 동대문구 고산자로32길 18
ddm,동대문구,동대문구청,7,최강낙지,"해물,생선",65,6378500,98131,50,서울 동대문구 고산자로28길 21
ddm,동대문구,동대문구청,8,남수,이탈리안,63,6085490,96595,53,서울 동대문구 천호대로33길 43
ddm,동대문구,동대문구청,9,남원추어탕,추어,59,3822200,64783,45,서울 동대문구 고산자로28길 25-1
ddm,동대문구,동대문구청,10,청마루,아파트,52,6739970,129615,47,서울 동대문구 답십리로59길 7
dobong,도봉구,도봉구청,1,메이콴,중국요리,126,15551200,123422,79,서울 도봉구 마들로 664-11
dobong,도봉구,도봉구청,2,시골짚,한식,111,17337150,156191,76,서울 도봉구 도봉로152길 35
dobong,도봉구,도봉구청,3,갑식이네 착한낙지,"해물,생선",90,10472000,116356,65,서울 도봉구 도봉로150길 43
dobong,도봉구,도봉구청,4,도쿄감자탕,감자탕,77,6229000,80896,57,서울 도봉구 마들로 650
dobong,도봉구,도봉구청,5,오늘,교회,67,3272670,48846,49,서울 도봉구 도봉로191가길 20
dobong,도봉구,도봉구청,6,해주반,일식,55,4385000,79727,48,서울 도봉구 마들로 663
dobong,도봉구,도봉구청,7,흑도야지,"육류,고기",53,3355090,63304,17,서울 도봉구 방학로3길 102
dobong,도봉구,도봉구청,8,지호한방삼계탕,지호한방삼계탕,52,6294000,121038,35,서울 도봉구 마들로 649-20
dobong,도봉구,도봉구청,9,황해도찹쌀순대,한식,46,4146005,90131,40,서울 도봉구 마들로 659
dobong,도봉구,도봉구청,10,춘하추동칼국수,칼국수,43,2299100,53467,30,서울 도봉구 마들로 657
dongducheon,동두천시,동두천시청,1,예지원,갈비,88,19685000,223693,46,경기 동두천시 삼육사로 1142
dongducheon,동두천시,동두천시청,2,삼복식당,회,78,12643000,162090,62,경기 동두천시 생연로 188
dongducheon,동두천시,동두천시청,3,더임재,갈비,50,9050000,181000,40,경기 동두천시 장고갯로 134
dongducheon,동두천시,동두천시청,4,황주식당,"육류,고기",41,15839000,386317,25,경기 동두천시 생연로 142
dongducheon,동두천시,동두천시청,5,일미담,한정식,33,4775000,144697,29,경기 동두천시 동광로 73
dongducheon,동두천시,동두천시청,6,아리랑,갈비,32,8133000,254156,15,경기 동두천시 평화로2261번길 36
dongducheon,동두천시,동두천시청,7,라구다이닝,양식,23,3472000,150957,22,경기 동두천시 중앙로7번길 14
dongducheon,동두천시,동두천시청,8,미각,중국요리,23,5682000,247043,21,경기 동두천시 평화로 2246
dongducheon,동두천시,동두천시청,9,오륙하우스,양식,21,3064200,145914,20,경기 동두천시 상패로 210-9
dongducheon,동두천시,동두천시청,10,대성삼계탕,삼계탕,21,2807000,133667,20,경기 동두천시 중앙로246번길 23
donghae,동해시,동해시청,1,가족한우식당,"육류,고기",27,5012000,185630,22,강원특별자치도 동해시 천곡2길 3-8
donghae,동해시,동해시청,2,해청숯불갈비,갈비,15,4202000,280133,15,강원특별자치도 동해시 천곡3길 6
donghae,동해시,동해시청,3,우판집,"육류,고기",13,5633300,433331,13,강원특별자치도 동해시 한섬로 133-6
donghae,동해시,동해시청,4,명태한마리,"해물,생선",12,1750000,145833,11,강원특별자치도 동해시 천곡1길 19
donghae,동해시,동해시청,5,남경식당,한식,12,4993000,416083,10,강원특별자치도 동해시 부곡2길 1
donghae,동해시,동해시청,6,우보,갈비,9,2623000,291444,7,강원특별자치도 동해시 송정로 41
donghae,동해시,동해시청,7,춘식이네찜나라,아구,8,2009000,251125,8,강원특별자치도 동해시 발한로 238
donghae,동해시,동해시청,8,수원지흑염소,"사철탕,영양탕",8,990000,123750,8,강원특별자치도 동해시 승지로 22
donghae,동해시,동해시청,9,수림,"해물,생선",8,1684500,210562,7,강원특별자치도 동해시 발한로 220-10
donghae,동해시,동해시청,10,장터뚜구리,한식,7,2757000,393857,7,강원특별자치도 동해시 감추3길 36
dongjak,동작구,동작구청,1,신짱스시,"초밥,롤",95,11159520,117469,69,서울 동작구 상도로30길 8
dongjak,동작구,동작구청,2,예가 숯불갈비,갈비,87,9345260,107417,57,서울 동작구 상도로26길 19
dongjak,동작구,동작구청,3,진마님설렁탕,설렁탕,56,3845500,68670,35,서울 동작구 상도로 219
dongjak,동작구,동작구청,4,복섬,복어,53,6271400,118328,42,서울 동작구 상도로26길 22
dongjak,동작구,동작구청,5,제주생고기,"육류,고기",52,7242000,139269,36,서울 동작구 노량진로6길 6-5
dongjak,동작구,동작구청,6,남도미가,한식,49,6489000,132429,27,서울 동작구 노량진로12길 4-1
dongjak,동작구,동작구청,7,청록미나리식당,청록미나리식당,42,4037100,96121,33,서울 동작구 장승배기로 170
dongjak,동작구,동작구청,8,명성식당,한식,42,5772000,137429,25,서울 동작구 장승배기로 157-2
dongjak,동작구,동작구청,9,순천집,"해물,생선",40,4738000,118450,34,서울 동작구 노량진로 80
dongjak,동작구,동작구청,10,성림식당,한식,40,6080880,152022,27,서울 동작구 장승배기로 118-1
eumseong,음성군,음성군청,1,고당다한우마을,"육류,고기",27,6918000,256222,19,충북 음성군 음성읍 반기문로 46-16
eumseong,음성군,음성군청,2,봉학골오리,오리,26,5374000,206692,20,충북 음성군 음성읍 용광로230번길 68
eumseong,음성군,음성군청,3,촌장두부마을,두부전문점,26,2162000,83154,15,충북 음성군 음성읍 중앙로 178
eumseong,음성군,음성군청,4,코다리아저씨,"해물,생선",25,5443500,217740,21,충북 음성군 음성읍 용광로 159-8
eumseong,음성군,음성군청,5,귀정가든,추어,24,3716000,154833,20,충북 음성군 음성읍 반기문로3번길 9
eumseong,음성군,음성군청,6,황태명가,"해물,생선",20,1455000,72750,17,충북 음성군 음성읍 중앙로 58
eumseong,음성군,음성군청,7,대진관,"사철탕,영양탕",20,2207000,110350,14,충북 음성군 음성읍 중앙로124번길 16-1
eumseong,음성군,음성군청,8,안뜰,한식,19,4027500,211974,18,충북 음성군 음성읍 교동2길 4
eumseong,음성군,음성군청,9,소반곰탕,한식,19,2091000,110053,15,충북 음성군 음성읍 문화2길 37
eumseong,음성군,음성군청,10,정원숯불갈비,갈비,19,1852000,97474,12,충북 음성군 음성읍 용광로 42
eunpyeong,은평구,은평구청,1,빈티지204,카페,282,15754680,55868,12,서울 은평구 은평로 193-1
eunpyeong,은평구,은평구청,2,최부자,"육류,고기",224,29968900,133790,12,서울 은평구 은평로21길 57
eunpyeong,은평구,은평구청,3,백년백세삼계탕,삼계탕,183,24262700,132583,12,서울 은평구 은평로 205-5
eunpyeong,은평구,은평구청,4,보리네생고깃간,"육류,고기",154,22040710,143121,12,서울 은평구 서오릉로 15
eunpyeong,은평구,은평구청,5,탕옌,중국요리,144,11908000,82694,12,서울 은평구 은평로 204-4
eunpyeong,은평구,은평구청,6,칡산에황제보쌈,"족발,보쌈",136,18176100,133648,12,서울 은평구 은평로 189
eunpyeong,은평구,은평구청,7,토박이 부대찌개 전문점,"찌개,전골",118,10478200,88798,12,서울 은평구 은평로21길 35
eunpyeong,은평구,은평구청,8,참맛어울림,"육류,고기",116,9813600,84600,12,서울 은평구 은평로 187-2
eunpyeong,은평구,은평구청,9,구름산추어탕,추어,115,10337500,89891,12,서울 은평구 서오릉로 6
eunpyeong,은평구,은평구청,10,담소,카페,111,14873610,133996,12,서울 은평구 은평로 227
gangbuk,강북구,강북구청,1,가문,중국요리,62,9068170,146261,49,서울 강북구 노해로 13
gangbuk,강북구,강북구청,2,곰집,냉면,61,9435386,154678,50,서울 강북구 한천로143길 22
gangbuk,강북구,강북구청,3,올드델리,인도음식,54,7428000,137556,42,서울 강북구 도봉로 355
gangbuk,강북구,강북구청,4,화로구이 강북점,"육류,고기",52,11000460,211547,30,서울 강북구 도봉로 367
gangbuk,강북구,강북구청,5,영주상회,식품판매,47,2744000,58383,45,서울 강북구 인수봉로72길 63-5
gangbuk,강북구,강북구청,6,칠복상회,카페,47,1935300,41177,33,서울 강북구 한천로139가길 15
gangbuk,강북구,강북구청,7,파스타브로,양식,44,4372500,99375,40,서울 강북구 노해로 59
gangbuk,강북구,강북구청,8,낙지청춘,"해물,생선",44,4293000,97568,37,서울 강북구 도봉로89길 10
gangbuk,강북구,강북구청,9,섬진강식당,장어,43,10241000,238163,32,서울 강북구 한천로 1151
gangbuk,강북구,강북구청,10,오키키,카페,42,2462110,58622,20,서울 강북구 한천로115길 15
gangdong_gu,강동구,강동구청,1,생어거스틴 성내점,생어거스틴,11,1819800,165436,6,서울 강동구 강동대로 143-64
gangdong_gu,강동구,강동구청,2,어전,회,9,1743000,193667,7,서울 강동구 성안로3길 112-5
gangdong_gu,강동구,강동구청,3,아이갓에브리띵(I,커피전문점,8,580420,72552,2,서울 강동구 성내로 25
gangdong_gu,강동구,강동구청,4,토팡가,카페,7,492340,70334,5,서울 강동구 성내로5길 21
gangdong_gu,강동구,강동구청,5,달청,한식,6,1022000,170333,6,서울 강동구 성안로3길 128
gangdong_gu,강동구,강동구청,6,장안면옥,냉면,6,831000,138500,3,서울 강동구 상암로 297
gangdong_gu,강동구,강동구청,7,숯불갈비 화랑골,갈비,6,1294000,215667,2,서울 강동구 고덕로 429-1
gangdong_gu,강동구,강동구청,8,오양별,"곱창,막창",5,449000,89800,5,서울 강동구 성내로 62
gangdong_gu,강동구,강동구청,9,먼데이블루스,와인바,5,966940,193388,4,서울 강동구 성내로6길 14-13
gangdong_gu,강동구,강동구청,10,황제짬뽕,중국요리,5,829100,165820,2,서울 강동구 성내로6길 14-11
ganghwa,강화군,강화군청,1,아구명가,아구,54,9813000,181722,39,인천 강화군 강화읍 동문안길20번길 9
ganghwa,강화군,강화군청,2,강화솥밥집,한식,41,5537000,135049,28,인천 강화군 강화읍 동문안길21번길 15-1
ganghwa,강화군,강화군청,3,마쯔,일식,39,4924000,126256,31,인천 강화군 강화읍 강화대로 378-8
ganghwa,강화군,강화군청,4,바다향기,"게,대게",22,9753000,443318,17,인천 강화군 길상면 보리고개로 42
ganghwa,강화군,강화군청,5,수라면옥,냉면,21,3109000,148048,18,인천 강화군 강화읍 동문로12번길 1
ganghwa,강화군,강화군청,6,서울깍두기,한식,19,3824000,201263,16,인천 강화군 강화읍 강화대로 387
ganghwa,강화군,강화군청,7,왕자정,한식,18,3998000,222111,16,인천 강화군 강화읍 북문길 55
ganghwa,강화군,강화군청,8,부일식당,한식,18,2594000,144111,12,인천 강화군 강화읍 강화대로430번길 7-1
ganghwa,강화군,강화군청,9,하루정식,한식,15,1302000,86800,12,인천 강화군 강화읍 강화대로404번길 7
ganghwa,강화군,강화군청,10,충무칼국수보쌈,칼국수,14,2399000,171357,13,인천 강화군 강화읍 고비고개로 169
gangjin,강진군,강진군청,1,금두꺼비,"육류,고기",40,11989000,299725,28,전남광주통합특별시 강진군 강진읍 서성4길 11
gangjin,강진군,강진군청,2,모란추어탕,추어,33,6735500,204106,20,전남광주통합특별시 강진군 강진읍 탑동길 5
gangjin,강진군,강진군청,3,가거도,실내포장마차,26,8853000,340500,8,전남광주통합특별시 강진군 강진읍 서문길 7
gangjin,강진군,강진군청,4,대흥식당,닭요리,23,4338000,188609,15,전남광주통합특별시 강진군 강진읍 시장길 17-3
gangjin,강진군,강진군청,5,백악관,한식,22,9264300,421105,16,전남광주통합특별시 강진군 군동면 종합운동장길 50-16
gangjin,강진군,강진군청,6,해송칼국수,국수,22,2957000,134409,11,전남광주통합특별시 강진군 강진읍 서문길 15-2
gangjin,강진군,강진군청,7,무지개식당,한식,21,3976000,189333,14,전남광주통합특별시 강진군 강진읍 영랑로4길 12-2
gangjin,강진군,강진군청,8,대박황칠코리아,"육류,고기",19,5906000,310842,10,전남광주통합특별시 강진군 강진읍 청자로 26
gangjin,강진군,강진군청,9,강진장어촌,장어,18,4380000,243333,15,전남광주통합특별시 강진군 군동면 진흥로 15
gangjin,강진군,강진군청,10,청자골식당,"해물,생선",17,4190000,246471,15,전남광주통합특별시 강진군 마량면 마량7길 6
gangneung,강릉시,강릉시청,1,한돈가,삼겹살,23,12325300,535883,20,강원특별자치도 강릉시 원대로 9
gangneung,강릉시,강릉시청,2,평상집,삼계탕,20,3336400,166820,19,강원특별자치도 강릉시 경강로 1849
gangneung,강릉시,강릉시청,3,주문진향이네,한식,14,2633700,188121,13,강원특별자치도 강릉시 하슬라로 203
gangneung,강릉시,강릉시청,4,강릉한우,"육류,고기",14,2617000,186929,12,강원특별자치도 강릉시 남구길30번길 40
gangneung,강릉시,강릉시청,5,학산,기업,13,1994700,153438,13,강원특별자치도 강릉시 구정면 현천길 25
gangneung,강릉시,강릉시청,6,고기정,삼겹살,12,5314600,442883,10,강원특별자치도 강릉시 율곡초교길47번길 17
gangneung,강릉시,강릉시청,7,구루구루,"초밥,롤",11,1860000,169091,11,강원특별자치도 강릉시 교동광장로 103
gangneung,강릉시,강릉시청,8,꺼먹돼지,"육류,고기",10,4021000,402100,9,강원특별자치도 강릉시 경포로 47-7
gangneung,강릉시,강릉시청,9,뒷골,한식,10,4998000,499800,8,강원특별자치도 강릉시 사임당로61번길 18
gangneung,강릉시,강릉시청,10,육대감,국밥,9,3599000,399889,8,강원특별자치도 강릉시 문화의길7번길 8
gangseo,강서구,강서구청,1,하낙지,"해물,생선",81,12732500,157191,61,서울 강서구 화곡로53길 7-10
gangseo,강서구,강서구청,2,외갓집,곰탕,76,7491700,98575,56,서울 강서구 우장산로16길 44
gangseo,강서구,강서구청,3,홍린,중국요리,60,8800000,146667,50,서울 강서구 우장산로15길 25
gangseo,강서구,강서구청,4,갈비예찬,"육류,고기",60,8866270,147771,38,서울 강서구 양천로 78
gangseo,강서구,강서구청,5,취락한방능이백숙,닭요리,54,8781000,162611,43,서울 강서구 화곡로53길 7-8
gangseo,강서구,강서구청,6,안골설렁탕,설렁탕,53,3940000,74340,49,서울 강서구 공항대로46길 17
gangseo,강서구,강서구청,7,양푼이동태탕,"해물,생선",52,4839500,93067,47,서울 강서구 화곡로 292
gangseo,강서구,강서구청,8,팔도미락,회,50,6410000,128200,38,서울 강서구 우장산로 123
gangseo,강서구,강서구청,9,산들미각,한식,48,5249400,109362,35,서울 강서구 우장산로15길 3
gangseo,강서구,강서구청,10,황금오리농장,오리,47,6076900,129296,38,서울 강서구 양천로 401
gapyeong,가평군,가평군청,1,고은골,한식,70,11912000,170171,52,경기 가평군 가평읍 옥골길 12-10
gapyeong,가평군,가평군청,2,잣고을곰탕,곰탕,40,7835000,195875,27,경기 가평군 가평읍 향교로 8
gapyeong,가평군,가평군청,3,늘봄,갈비,26,11577500,445288,21,경기 가평군 가평읍 가화로 173-16
gapyeong,가평군,가평군청,4,파도,참치회,26,4931000,189654,20,경기 가평군 가평읍 가화로 75-1
gapyeong,가평군,가평군청,5,청대문,한식,25,3668000,146720,22,경기 가평군 가평읍 가화로 490
gapyeong,가평군,가평군청,6,가평축협한우명가,"육류,고기",25,6047900,241916,20,경기 가평군 가평읍 달전로 19
gapyeong,가평군,가평군청,7,거북선횟집,회,24,4524000,188500,21,경기 가평군 가평읍 석봉로 217
gapyeong,가평군,가평군청,8,소양강가든,오리,18,5985000,332500,18,경기 가평군 상면 비룡로 2240-17
gapyeong,가평군,가평군청,9,빗고개청국장,한식,17,2596000,152706,15,경기 가평군 청평면 경춘로 1529
gapyeong,가평군,가평군청,10,들밥,한식,17,1958500,115206,14,경기 가평군 가평읍 용추로 206
geochang,거창군,거창군청,1,외양간구시,"육류,고기",38,7590300,199745,26,경남 거창군 거창읍 상동2길 70
geochang,거창군,거창군청,2,복사골,한식,29,6473000,223207,20,경남 거창군 거창읍 공수들3길 7
geochang,거창군,거창군청,3,일신식당,한식,27,3838000,142148,18,경남 거창군 거창읍 중앙로 121-8
geochang,거창군,거창군청,4,그때그집고기,"육류,고기",27,8516000,315407,16,경남 거창군 거창읍 공수들2길 42
geochang,거창군,거창군청,5,석백산,"육류,고기",26,8102000,311615,19,경남 거창군 거창읍 거열로4길 140
geochang,거창군,거창군청,6,미락,회,23,2860000,124348,19,경남 거창군 거창읍 아림로1길 21
geochang,거창군,거창군청,7,정일품,한식,21,4646000,221238,12,경남 거창군 거창읍 중앙로 81
geochang,거창군,거창군청,8,청춘돼지촌,"육류,고기",19,6307000,331947,17,경남 거창군 거창읍 공수들4길 40
geochang,거창군,거창군청,9,우담,"육류,고기",18,5933000,329611,10,경남 거창군 거창읍 밭들길 87
geochang,거창군,거창군청,10,사량도,회,17,2355000,138529,9,경남 거창군 거창읍 거열로4길 7-24
geoje,거제시,거제시청,1,청화횟집,회,68,18210000,267794,50,경남 거제시 거제중앙로13길 19
geoje,거제시,거제시청,2,해미락,"매운탕,해물탕",37,9158000,247514,31,경남 거제시 거제중앙로15길 6
geoje,거제시,거제시청,3,고노스시,"초밥,롤",31,6401800,206510,25,경남 거제시 고현로 138-1
geoje,거제시,거제시청,4,피란,곰탕,29,5735000,197759,22,경남 거제시 거제중앙로8길 8-1
geoje,거제시,거제시청,5,아서원,중국요리,23,4858500,211239,22,경남 거제시 계룡로7길 1
geoje,거제시,거제시청,6,대원군숯불갈비,갈비,23,10950580,476112,18,경남 거제시 거제중앙로31길 32-1
geoje,거제시,거제시청,7,팔선루,중국요리,20,4260000,213000,12,경남 거제시 거제중앙로29길 6-1
geoje,거제시,거제시청,8,어가횟집,회,19,5127000,269842,16,경남 거제시 일운면 와현해변길 40
geoje,거제시,거제시청,9,오도리횟집,회,18,6442000,357889,15,경남 거제시 고현로10길 9
geoje,거제시,거제시청,10,스시와,"초밥,롤",18,3832000,212889,14,경남 거제시 수양로 448-15
geumcheon_gu,금천구,금천구청,1,동흥관,중국요리,49,6950600,141849,35,서울 금천구 시흥대로63길 20
geumcheon_gu,금천구,금천구청,2,시골보쌈,"족발,보쌈",47,4987000,106106,37,서울 금천구 시흥대로63길 33
geumcheon_gu,금천구,금천구청,3,속초코다리찜,"해물,생선",30,2191000,73033,27,서울 금천구 시흥대로63길 19-1
geumcheon_gu,금천구,금천구청,4,늘곰탕,한식,22,2167000,98500,18,서울 금천구 시흥대로73길 67
geumcheon_gu,금천구,금천구청,5,인생감자탕,감자탕,20,1224500,61225,18,서울 금천구 시흥대로 291
geumcheon_gu,금천구,금천구청,6,종가집양반김밥,분식,18,1419500,78861,15,서울 금천구 벚꽃로 30
geumcheon_gu,금천구,금천구청,7,분짜하노이,베트남음식,16,1286000,80375,15,서울 금천구 시흥대로 291
geumcheon_gu,금천구,금천구청,8,믹스토랑,패밀리레스토랑,14,1580500,112893,14,서울 금천구 시흥대로79길 15
geumcheon_gu,금천구,금천구청,9,연화산,중식,12,1523100,126925,11,서울 금천구 시흥대로 291
geumcheon_gu,금천구,금천구청,10,항아리식당,한식,12,811000,67583,11,서울 금천구 시흥대로76길 9
gimcheon,김천시,김천시청,1,내고향한우촌,"육류,고기",28,7988000,285286,8,경북 김천시 부곡맛고을1길 85
gimcheon,김천시,김천시청,2,싱글벙글,복어,24,5160000,215000,16,경북 김천시 시청2길 21
gimcheon,김천시,김천시청,3,수가성,두부전문점,24,1967000,81958,4,경북 김천시 느티골길 28-3
gimcheon,김천시,김천시청,4,카모가와스시,"초밥,롤",21,3510500,167167,14,경북 김천시 대학로 77
gimcheon,김천시,김천시청,5,벌교꼬막정식,"해물,생선",19,1140000,60000,4,경북 김천시 문당길 128
gimcheon,김천시,김천시청,6,대명식당,"육류,고기",17,4539000,267000,13,경북 김천시 시청2길 55
gimcheon,김천시,김천시청,7,둥지톳밥,한식,17,1360000,80000,5,경북 김천시 연화지1길 26-3
gimcheon,김천시,김천시청,8,복터진집,복어,12,2516500,209708,9,경북 김천시 직지천우안길 53
gimcheon,김천시,김천시청,9,애당오리전문점,오리,12,2856000,238000,8,경북 김천시 시청2길 23
gimcheon,김천시,김천시청,10,우각한우촌,"육류,고기",11,2204000,200364,5,경북 김천시 강변공원길 10
gimhae,김해시,김해시청,1,스미레,일식집,52,7323800,140842,45,경남 김해시 호계로422번길 12
gimhae,김해시,김해시청,2,가야마루,"육류,고기",45,7952000,176711,41,경남 김해시 인제로51번길 6
gimhae,김해시,김해시청,3,수정방,중국요리,41,13134000,320341,33,경남 김해시 김해대로2355번길 36
gimhae,김해시,김해시청,4,구룡양곱창,"곱창,막창",38,8829000,232342,33,경남 김해시 김해대로2385번길 4
gimhae,김해시,김해시청,5,서울초밥,"초밥,롤",38,5198000,136789,31,경남 김해시 김해대로2371번길 24-7
gimhae,김해시,김해시청,6,미진숯불갈비,갈비,36,11322500,314514,35,경남 김해시 김해대로2431번길 8
gimhae,김해시,김해시청,7,구룡관,"곱창,막창",36,6962000,193389,23,경남 김해시 김해대로2385번길 4
gimhae,김해시,김해시청,8,목민정,"해물,생선",34,4397900,129350,24,경남 김해시 김해대로2371번길 24-10
gimhae,김해시,김해시청,9,산골버섯,"찌개,전골",31,7347500,237016,28,경남 김해시 전하로222번길 13
gimhae,김해시,김해시청,10,본가야숯불,갈비,28,6878000,245643,22,경남 김해시 가야의길 96
gimje,김제시,김제시청,1,농부밥상,한식,11,3372000,306545,6,전북특별자치도 김제시 죽산로 720
gimje,김제시,김제시청,2,오늘은갈비,갈비,8,3546000,443250,7,전북특별자치도 김제시 요촌길 130
gimje,김제시,김제시청,3,등촌구이,국수,7,2740000,391429,7,전북특별자치도 김제시 금성로 73
gimje,김제시,김제시청,4,두거리우신탕,국밥,7,410000,58571,6,전북특별자치도 김제시 검산택지2길 8-3
gimje,김제시,김제시청,5,청하횟집,회,7,2973000,424714,5,전북특별자치도 김제시 풍요로 18
gimje,김제시,김제시청,6,용암가든,한정식,7,2180800,311543,5,전북특별자치도 김제시 용지면 신암길 344-7
gimje,김제시,김제시청,7,라라코스트 김제점,라라코스트,6,435300,72550,5,전북특별자치도 김제시 검산택지3길 20
gimje,김제시,김제시청,8,솔가숯불갈비,갈비,5,1980000,396000,5,전북특별자치도 김제시 중앙로 51-17
gimje,김제시,김제시청,9,협진한우한돈,"육류,고기",5,1683000,336600,5,전북특별자치도 김제시 만경읍 두내산로 35
gimje,김제시,김제시청,10,지평선바지락죽,죽,5,1500000,300000,5,전북특별자치도 김제시 중앙로 99
gimpo,김포시,김포시청,1,보람갈비,한식,88,10613820,120612,67,경기 김포시 장릉로 80
gimpo,김포시,김포시청,2,해원,일식집,80,10015000,125188,29,경기 김포시 김포대로 839
gimpo,김포시,김포시청,3,스시 이오니,"초밥,롤",77,8185000,106299,50,경기 김포시 돌문로 50-6
gimpo,김포시,김포시청,4,시가원,중식,71,5577000,78549,45,경기 김포시 장릉로 133
gimpo,김포시,김포시청,5,남도복국,복어,67,7030000,104925,32,경기 김포시 김포한강1로97번길 10-6
gimpo,김포시,김포시청,6,논두렁밭두렁,한식,66,8129000,123167,48,경기 김포시 봉화로 3-7
gimpo,김포시,김포시청,7,포내오리가든,오리,63,10723000,170206,36,경기 김포시 봉화로 37-3
gimpo,김포시,김포시청,8,물회속 육회,한식,54,7553150,139873,40,경기 김포시 봉화로21번길 18
gimpo,김포시,김포시청,9,김포한우한돈정육식당,"육류,고기",54,5337000,98833,20,경기 김포시 돌문로62번길 14-10
gimpo,김포시,김포시청,10,파파존스 김포한강점,파파존스,54,12194310,225821,16,경기 김포시 김포한강4로 162
gj2025,경기 광주시,경기 광주시청,1,더프렌즈(카페프렌즈 광주시청점),디저트카페,48,4650590,96887,10,경기 광주시 회안대로 900 (송정동 337)
gj2025,경기 광주시,경기 광주시청,2,송가네막국수,막국수·수육,37,3137000,84784,17,경기 광주시 남한산성면 남한산성로 45-5
gj2025,경기 광주시,경기 광주시청,3,다래반상,한식(육개장),36,2731000,75861,14,경기 광주시 중앙로 344 1층 (송정동 406-1)
gj2025,경기 광주시,경기 광주시청,4,삼동소바 광주초월점,일식(소바),30,1907500,63583,12,경기 광주시 초월읍 경충대로 854
gj2025,경기 광주시,경기 광주시청,5,민속촌,갈비,25,7378000,295120,13,경기 광주시 광주대로 186 1층 (송정동 239)
gj2025,경기 광주시,경기 광주시청,6,대박민물매운탕송어회,민물매운탕·회,24,2082000,86750,12,경기 광주시 남한산성면 해공로 30
gj2025,경기 광주시,경기 광주시청,7,여울목식당,한식,24,1912000,79667,8,경기 광주시 초월읍 도곡길22번길 4
gj2025,경기 광주시,경기 광주시청,8,우리밀칼제비집,수제비·칼제비,24,1233000,51375,4,경기 광주시 이배재로 334 1층 (목현동 243)
gj2025,경기 광주시,경기 광주시청,9,뜰바다 호박오리&코다리,오리·코다리,23,3777250,164228,4,경기 광주시 파발로 204 1층 (탄벌동 18-14)
gj2025,경기 광주시,경기 광주시청,10,은고개손칼국수,칼국수,22,1258000,57182,12,경기 광주시 남한산성면 엄미길 58
gn2025,강남구,강남구청,1,강정이넘치는집 청담점,한식·떡,24,1153200,48050,,서울 강남구 학동로 435 (청담동)
gn2025,강남구,강남구청,2,청담반점 강남구청점,중국요리,22,1773000,80591,,서울 강남구 학동로67길 5 (청담동)
gn2025,강남구,강남구청,3,대림옥,육류·고기,20,2042900,102145,,서울 강남구 학동로 431 (청담동)
gn2025,강남구,강남구청,4,사이공핫팟,베트남음식,19,1318800,69411,,서울 강남구 선릉로130길 57 (삼성동)
gn2025,강남구,강남구청,5,도란,한식,18,1311000,72833,,서울 강남구 (관내)
gn2025,강남구,강남구청,6,신천생태전문점,민물장어·생태,14,1108000,79143,,서울 강남구 (관내)
gn2025,강남구,강남구청,7,금돈옥,돼지고기,13,1165000,89615,,서울 강남구 (관내)
gn2025,강남구,강남구청,8,무교동유정낙지,낙지·해물,11,685000,62273,,서울 강남구 영동대로 732 (청담점 등)
gn2025,강남구,강남구청,9,무등산수만리염소탕 강남점,염소탕·보양식,10,739000,73900,,서울 강남구 역삼로2길 13 (역삼동)
gn2025,강남구,강남구청,10,호랑이 다이닝,한식·다이닝,10,1097000,109700,,서울 강남구 (관내)
gochang,고창군,고창군청,1,태흥갈비,갈비,56,16810343,300185,24,전북특별자치도 고창군 고창읍 중앙로 306-4
gochang,고창군,고창군청,2,한우애,"육류,고기",25,8263060,330522,14,전북특별자치도 고창군 고창읍 보릿골로 91
gochang,고창군,고창군청,3,삼미가든,오리,23,4228020,183827,17,전북특별자치도 고창군 고창읍 남정1길 74
gochang,고창군,고창군청,4,모양성순두부,두부전문점,20,3621000,181050,17,전북특별자치도 고창군 고창읍 동리로 133-13
gochang,고창군,고창군청,5,동백관,한정식,20,3918075,195904,14,전북특별자치도 고창군 고창읍 중앙로 311
gochang,고창군,고창군청,6,포비스키친,이탈리안,19,2233300,117542,16,전북특별자치도 고창군 고창읍 중앙로 260
gochang,고창군,고창군청,7,본가,한식,19,5053040,265949,13,전북특별자치도 고창군 고창읍 석정2로 160
gochang,고창군,고창군청,8,고창부안축협 한우명품관,정육점,18,4657520,258751,12,전북특별자치도 고창군 고창읍 성산1길 13
gochang,고창군,고창군청,9,미향,삼계탕,17,4614000,271412,14,전북특별자치도 고창군 고창읍 모양성로 27
gochang,고창군,고창군청,10,전수사,참치회,17,3389033,199355,13,전북특별자치도 고창군 고창읍 동리로 236
goesan,괴산군,괴산군청,1,우천생고기,"육류,고기",15,5836000,389067,13,충북 괴산군 괴산읍 읍내로 322
goesan,괴산군,괴산군청,2,산수식당,한식,15,1957000,130467,11,충북 괴산군 괴산읍 읍내로12길 32
goesan,괴산군,괴산군청,3,사과나무집,"불고기,두루치기",15,2762000,184133,4,충북 괴산군 장연면 충민로방곡9길 21-1
goesan,괴산군,괴산군청,4,남촌식당,한식,14,2738000,195571,12,충북 괴산군 괴산읍 읍내로19길 6
goesan,괴산군,괴산군청,5,상록숯불갈비,갈비,12,3584000,298667,10,충북 괴산군 괴산읍 읍내로16길 3-8
goesan,괴산군,괴산군청,6,일억식당,"육류,고기",11,3653000,332091,10,충북 괴산군 괴산읍 읍내로18길 23
goesan,괴산군,괴산군청,7,효원식당,닭요리,11,2440500,221864,10,충북 괴산군 괴산읍 읍내로 47
goesan,괴산군,괴산군청,8,영계,닭요리,11,2785000,253182,9,충북 괴산군 문광면 송문로옥성1길 112
goesan,괴산군,괴산군청,9,백년정,한식,11,2617000,237909,9,충북 괴산군 괴산읍 읍내로6길 47-1
goesan,괴산군,괴산군청,10,고래회수산,한식,11,4014000,364909,8,충북 괴산군 괴산읍 읍내로15길 40-1
goheung,고흥군,고흥군청,1,고흥회관,한식,10,566000,56600,5,전남광주통합특별시 고흥군 고흥읍 서문여산길 40
goheung,고흥군,고흥군청,2,소담,"해물,생선",9,3112000,345778,6,전남광주통합특별시 고흥군 도양읍 명동길 6-23
goheung,고흥군,고흥군청,3,평화국밥,국밥,7,567500,81071,7,전남광주통합특별시 고흥군 과역면 과역로 951
goheung,고흥군,고흥군청,4,풍경채,한식,7,2343000,334714,6,전남광주통합특별시 고흥군 고흥읍 흥양길 76
goheung,고흥군,고흥군청,5,삼미식당,한식,6,3093000,515500,5,전남광주통합특별시 고흥군 고흥읍 두원로 109-58
goheung,고흥군,고흥군청,6,도화정참숯구이,"육류,고기",6,2209000,368167,5,전남광주통합특별시 고흥군 고흥읍 고흥군청로 8
goheung,고흥군,고흥군청,7,흥돈,삼겹살,5,2316000,463200,5,전남광주통합특별시 고흥군 고흥읍 흥양길 51
goheung,고흥군,고흥군청,8,혜성식당,한식,5,1459000,291800,5,전남광주통합특별시 고흥군 고흥읍 신계학림길 19
goheung,고흥군,고흥군청,9,참빛식당,한식,5,858000,171600,5,전남광주통합특별시 고흥군 도양읍 비봉로 257
goheung,고흥군,고흥군청,10,천등산식당,한식,5,2012000,402400,4,전남광주통합특별시 고흥군 풍양면 풍남로 142
gokseong,곡성군,곡성군청,1,우리회관,"육류,고기",38,17771500,467671,18,전남광주통합특별시 곡성군 곡성읍 중앙로 118
gokseong,곡성군,곡성군청,2,오가네,한식,13,4313000,331769,11,전남광주통합특별시 곡성군 곡성읍 곡성로 782
gokseong,곡성군,곡성군청,3,초원식당,갈비,13,6028000,463692,8,전남광주통합특별시 곡성군 곡성읍 중앙로 110-1
gokseong,곡성군,곡성군청,4,큰손탕집,한식,10,3856000,385600,8,전남광주통합특별시 곡성군 곡성읍 읍내17길 11
gokseong,곡성군,곡성군청,5,광수사,닭요리,10,3892000,389200,6,전남광주통합특별시 곡성군 곡성읍 곡성로 833
gokseong,곡성군,곡성군청,6,그린회관,한식,9,3957000,439667,9,전남광주통합특별시 곡성군 곡성읍 군청로 7-1
gokseong,곡성군,곡성군청,7,본때,감자탕,8,3002000,375250,8,전남광주통합특별시 곡성군 곡성읍 군청로 49
gokseong,곡성군,곡성군청,8,백년짬뽕,중국요리,7,1010000,144286,7,전남광주통합특별시 곡성군 곡성읍 곡성로 801
gokseong,곡성군,곡성군청,9,풍미,한식,7,1837500,262500,5,전남광주통합특별시 곡성군 곡성읍 읍내17길 9
gokseong,곡성군,곡성군청,10,궁전회관,한정식,7,2068000,295429,4,전남광주통합특별시 곡성군 곡성읍 중앙로 54
gongju,공주시,공주시청,1,개성집,"해물,생선",53,10309000,194509,38,충남 공주시 미나리3길 6-5
gongju,공주시,공주시청,2,소담정,한정식,42,6302000,150048,30,충남 공주시 백미고을길 5-1
gongju,공주시,공주시청,3,해상공원,일식,32,6338000,198062,22,충남 공주시 백미고을길 17-14
gongju,공주시,공주시청,4,영상대감,"육류,고기",31,2805000,90484,15,충남 공주시 우성면 산막골길 70
gongju,공주시,공주시청,5,능소야,"육류,고기",29,6246000,215379,20,충남 공주시 백제문화로 2077
gongju,공주시,공주시청,6,하늘땅,갈비,28,6123000,218679,21,충남 공주시 수원지공원길 48
gongju,공주시,공주시청,7,청룡가든,"육류,고기",23,3796000,165043,21,충남 공주시 금강공원길 19
gongju,공주시,공주시청,8,무궁화회관,"육류,고기",22,3710000,168636,18,충남 공주시 당간지주길 8-1
gongju,공주시,공주시청,9,유가네칼국수,칼국수,22,4788000,217636,16,충남 공주시 원댕이길 8
gongju,공주시,공주시청,10,느루,한식,19,3146000,165579,12,충남 공주시 수원지공원길 43
goryeong,고령군,고령군청,1,녹원가,한식,50,8490400,169808,28,경북 고령군 대가야읍 장기터길 10-6
goryeong,고령군,고령군청,2,진가희명품복국,복어,44,9176000,208545,30,경북 고령군 대가야읍 시장1길 8-4
goryeong,고령군,고령군청,3,참살이,한식,32,5103000,159469,21,경북 고령군 대가야읍 큰골길 208
goryeong,고령군,고령군청,4,미락한정식,"해물,생선",28,5119000,182821,18,경북 고령군 대가야읍 월기길 15
goryeong,고령군,고령군청,5,황토식당,한식,26,4143000,159346,20,경북 고령군 대가야읍 관동2길 11-13
goryeong,고령군,고령군청,6,경희숯불가든,"육류,고기",26,8720000,335385,13,경북 고령군 대가야읍 중앙로 41
goryeong,고령군,고령군청,7,송이식당,한식,23,2620900,113952,16,경북 고령군 대가야읍 주산길 14
goryeong,고령군,고령군청,8,두레한정식,한정식,21,2811000,133857,11,경북 고령군 대가야읍 큰골길 5
goryeong,고령군,고령군청,9,새싹농원식당,한식,19,4119000,216789,15,경북 고령군 쌍림면 산막길 88-27
goryeong,고령군,고령군청,10,중앙식육식당,"육류,고기",19,2694000,141789,11,경북 고령군 대가야읍 우륵로 11
goseong_gn,고성군,고성군청(경남),1,오징어와 칭구들,"해물,생선",46,9987500,217120,34,경남 고성군 고성읍 성내로124번길 51
goseong_gn,고성군,고성군청(경남),2,명품생선구이,"해물,생선",41,7353000,179341,33,경남 고성군 고성읍 성내로136번길 6-12
goseong_gn,고성군,고성군청(경남),3,대흥가든,"육류,고기",32,10969000,342781,27,경남 고성군 대가면 대가로 385
goseong_gn,고성군,고성군청(경남),4,대가돌솥밥,한정식,30,7281800,242727,28,경남 고성군 대가면 대가로 279-31
goseong_gn,고성군,고성군청(경남),5,장군숯불갈비,갈비,30,9408000,313600,24,경남 고성군 고성읍 성내로112번길 11
goseong_gn,고성군,고성군청(경남),6,동원횟집,회,28,9052000,323286,20,경남 고성군 고성읍 중앙로25번길 70-25
goseong_gn,고성군,고성군청(경남),7,이장군꼼장어장어구이,장어,27,10994000,407185,19,경남 고성군 고성읍 성내로135번길 14-5
goseong_gn,고성군,고성군청(경남),8,가야한우마을,"육류,고기",27,8564000,317185,19,경남 고성군 고성읍 우산2길 28-59
goseong_gn,고성군,고성군청(경남),9,불난낙지,"해물,생선",26,7771500,298904,21,경남 고성군 고성읍 남포로99번길 14
goseong_gn,고성군,고성군청(경남),10,청해진횟집,회,25,6349000,253960,19,경남 고성군 거류면 당동해안길 46
goseong_gw,고성군,고성군청(강원),1,경북횟집,회,33,8312300,251888,11,강원특별자치도 고성군 죽왕면 심층수길 47
goseong_gw,고성군,고성군청(강원),2,거진포구,회,21,5057000,240810,13,강원특별자치도 고성군 거진읍 거진항길 17
goseong_gw,고성군,고성군청(강원),3,장미식당,한식,19,6478500,340974,13,강원특별자치도 고성군 간성읍 간성로 50
goseong_gw,고성군,고성군청(강원),4,신한수위숯불갈비,갈비,19,6828000,359368,12,강원특별자치도 고성군 간성읍 간성로67번길 10
goseong_gw,고성군,고성군청(강원),5,명가오작교,"육류,고기",18,4069000,226056,12,강원특별자치도 고성군 간성읍 수성로 55-6
goseong_gw,고성군,고성군청(강원),6,해오름거진항생선찜,"해물,생선",16,3228000,201750,9,강원특별자치도 고성군 거진읍 반암길 38
goseong_gw,고성군,고성군청(강원),7,청우,"육류,고기",16,5406500,337906,8,강원특별자치도 고성군 간성읍 남천마루3길 2-5
goseong_gw,고성군,고성군청(강원),8,거진 해녀횟집,회,14,2834000,202429,7,강원특별자치도 고성군 거진읍 거탄진로 222-1
goseong_gw,고성군,고성군청(강원),9,대대리육개장,한식,14,864000,61714,7,강원특별자치도 고성군 거진읍 진부령로 2866
goseong_gw,고성군,고성군청(강원),10,뽕마루,중국요리,14,1544000,110286,3,강원특별자치도 고성군 간성읍 간성로67번길 6
goyang,고양시,고양시청,1,원주추옥,추어,51,6459500,126657,38,경기 고양시 덕양구 원당로33번길 58
goyang,고양시,고양시청,2,동해식당,한식,47,3522000,74936,29,경기 고양시 덕양구 원당로33번길 30
goyang,고양시,고양시청,3,참치박사,참치회,38,4351800,114521,29,경기 고양시 덕양구 호국로777번길 12
goyang,고양시,고양시청,4,벵게식당,추어,34,2543000,74794,26,경기 고양시 덕양구 원당로33번길 42-9
goyang,고양시,고양시청,5,원조갯마을 낙지,"해물,생선",33,4905000,148636,25,경기 고양시 덕양구 호국로 776
goyang,고양시,고양시청,6,산이화,한정식,32,6472800,202275,17,경기 고양시 덕양구 충장로282번길 49-13
goyang,고양시,고양시청,7,일산들밥,한정식,29,4847300,167148,19,경기 고양시 일산서구 중앙로 1581
goyang,고양시,고양시청,8,맛있는정원,"육류,고기",28,3828000,136714,22,경기 고양시 덕양구 고양대로1432번길 64
goyang,고양시,고양시청,9,신화푸드,주차장,28,5521930,197212,17,경기 고양시 일산동구 무궁화로 359
goyang,고양시,고양시청,10,능이마루,삼계탕,26,3435000,132115,7,경기 고양시 일산서구 덕이로 54
gumi,구미시,구미시청,1,다미초밥,"초밥,롤",86,12304000,143070,73,경북 구미시 송정대로 17
gumi,구미시,구미시청,2,금오산해물탕.찜,"매운탕,해물탕",41,6809900,166095,33,경북 구미시 백산로 91
gumi,구미시,구미시청,3,거제복집,복어,40,7004000,175100,34,경북 구미시 신시로16길 49
gumi,구미시,구미시청,4,논두렁밭두렁,한식,32,4235500,132359,22,경북 구미시 선산읍 선산중앙로 33
gumi,구미시,구미시청,5,감나무집,한식,31,4347000,140226,28,경북 구미시 신시로24길 3
gumi,구미시,구미시청,6,세정,추어,31,3267000,105387,28,경북 구미시 백산로2길 46
gumi,구미시,구미시청,7,취팔선,중국요리,29,6196000,213655,25,경북 구미시 신시로16길 37
gumi,구미시,구미시청,8,팔공식육식당,"육류,고기",27,10001000,370407,21,경북 구미시 신시로10길 33
gumi,구미시,구미시청,9,원풍식당,한식,26,3383000,130115,17,경북 구미시 선산읍 단계서4길 8
gumi,구미시,구미시청,10,한데만데이,한식,25,3974000,158960,23,경북 구미시 신시로14길 134
gunpo,군포시,군포시청,1,이학갈비,갈비,78,18697000,239705,52,경기 군포시 산본천로 56
gunpo,군포시,군포시청,2,우정원,"육류,고기",37,4995000,135000,29,경기 군포시 산본로323번길 10-26
gunpo,군포시,군포시청,3,궁안골,한식,26,5691100,218888,17,경기 군포시 수리산로 191
gunpo,군포시,군포시청,4,놀부장어,장어,25,6165110,246604,23,경기 군포시 금산로72번길 11
gunpo,군포시,군포시청,5,산채향가마솥,"해물,생선",22,2927700,133077,17,경기 군포시 산본로323번길 4-21
gunpo,군포시,군포시청,6,백세흑염소추어탕,추어,19,2094000,110211,16,경기 군포시 산본로 339
gunpo,군포시,군포시청,7,일식 송수사,일식집,18,3977000,220944,16,경기 군포시 산본로323번길 7
gunpo,군포시,군포시청,8,갓지은냄비밥상,한식,17,1313000,77235,9,경기 군포시 군포로 513
gunpo,군포시,군포시청,9,군포식당,설렁탕,14,2136000,152571,13,경기 군포시 군포로556번길 6
gunpo,군포시,군포시청,10,두부고을,두부전문점,14,2069800,147843,9,경기 군포시 산본로 207
gunsan_city,군산시,군산시청,1,이성당,"제과,베이커리",35,6749700,192849,19,전북 군산시 중앙로 177
gunsan_city,군산시,군산시청,2,다이도,일식,29,7047600,243021,21,전북 군산시 번영로 121
gunsan_city,군산시,군산시청,3,우민회관,"육류,고기",16,3926700,245419,14,전북 군산시 번영로 158-20
gunsan_city,군산시,군산시청,4,원풍갈비,갈비,16,3029900,189369,10,전북 군산시 진포로 206
gunsan_city,군산시,군산시청,5,유락식당,"해물,생선",10,1281000,128100,7,전북 군산시 해망로 146-25
gunsan_city,군산시,군산시청,6,향토정,한식,9,3624000,402667,5,전북 군산시 성산면 철새로 31
gunsan_city,군산시,군산시청,7,돼지곳간,"육류,고기",8,1650000,206250,3,전북 군산시 아리랑로 40
gunsan_city,군산시,군산시청,8,최가네식당,한식,8,1021000,127625,3,전북 군산시 신촌2길 4-3
gunsan_city,군산시,군산시청,9,바다회집 현대코아점,회,7,1127500,161071,7,전북 군산시 문화안길 11
gunsan_city,군산시,군산시청,10,군산떡갈비,갈비,7,1411000,201571,6,전북 군산시 미장6길 16
guri,구리시,구리시청,1,금시골여행,한식,36,5083000,141194,12,경기 구리시 벌말로70번길 97
guri,구리시,구리시청,2,메밀랑,국수,35,4384420,125269,10,경기 구리시 아차산로 463
guri,구리시,구리시청,3,아리랑갈비,갈비,30,14907000,496900,11,경기 구리시 아차산로 479
guri,구리시,구리시청,4,먹골촌,갈비,21,4436000,211238,11,경기 구리시 아차산로 371
guri,구리시,구리시청,5,이대감화로숯불구이,"육류,고기",16,3589000,224312,5,경기 구리시 장자대로13번길 71
guri,구리시,구리시청,6,어랑,회,15,2407000,160467,9,경기 구리시 장자대로86번길 14-15
guri,구리시,구리시청,7,길목 감자탕,감자탕,15,1310500,87367,8,경기 구리시 아차산로 379
guri,구리시,구리시청,8,리하,중국요리,14,2514000,179571,11,경기 구리시 장자대로86번길 14-7
guri,구리시,구리시청,9,장자못 궁중삼계탕,삼계탕,14,1478000,105571,8,경기 구리시 장자호수길 62-4
guri,구리시,구리시청,10,어반장,"해물,생선",14,1369000,97786,8,경기 구리시 아차산로 288
guro_gu,구로구,구로구청,1,갈비명가,갈비,105,18094140,172325,69,서울 구로구 가마산로 260
guro_gu,구로구,구로구청,2,본만두,분식,69,9007600,130545,47,서울 구로구 가마산로22길 8-2
guro_gu,구로구,구로구청,3,공들인,카페,64,6404090,100064,45,서울 구로구 가마산로 265
guro_gu,구로구,구로구청,4,그냥 지금,카페,58,1864700,32150,11,서울 구로구 경인로33다길 2
guro_gu,구로구,구로구청,5,써니주분,카페,48,6829000,142271,24,서울 구로구 공원로 27
guro_gu,구로구,구로구청,6,혼마참치,참치회,34,4294000,126294,23,서울 구로구 구로중앙로19길 28
guro_gu,구로구,구로구청,7,오비스트로,이탈리안,33,4899850,148480,29,서울 구로구 구로중앙로15길 12
guro_gu,구로구,구로구청,8,백스트릿나인,카페,33,1162035,35213,16,서울 구로구 구로중앙로15길 5
guro_gu,구로구,구로구청,9,굴다리집,"육류,고기",29,8827740,304405,24,서울 구로구 구로중앙로31길 34
guro_gu,구로구,구로구청,10,서울안심축산,"육류,고기",28,8752500,312589,23,서울 구로구 새말로 89
gurye,구례군,구례군청,1,월성식당,음식점,23,8300000,360870,14,전남광주통합특별시 구례군 구례읍 택지1길 33
gurye,구례군,구례군청,2,지리산식당,한식,20,3566000,178300,11,전남광주통합특별시 구례군 마산면 화엄사로 381
gurye,구례군,구례군청,3,까막정가든,닭요리,15,1311000,87400,8,전남광주통합특별시 구례군 구례읍 까막정길 52
gurye,구례군,구례군청,4,광양숯불갈비,갈비,14,4826000,344714,11,전남광주통합특별시 구례군 구례읍 서시천로 76-7
gurye,구례군,구례군청,5,지리산갈비촌,갈비,14,1923000,137357,8,전남광주통합특별시 구례군 구례읍 의료원길 37
gurye,구례군,구례군청,6,참새미골체험식당,한식,14,2138000,152714,7,전남광주통합특별시 구례군 광의면 매천로 401
gurye,구례군,구례군청,7,왕산석갈비,갈비,11,2860000,260000,6,전남광주통합특별시 구례군 구례읍 구례로 517-2
gurye,구례군,구례군청,8,산동토담,한식,10,1312000,131200,6,전남광주통합특별시 구례군 구례읍 봉성로 91-15
gurye,구례군,구례군청,9,두레박식당,한식,9,3336000,370667,7,전남광주통합특별시 구례군 마산면 화엄사로 12
gurye,구례군,구례군청,10,복돈,삼겹살,8,1276000,159500,6,전남광주통합특별시 구례군 구례읍 동편제길 21
gwacheon,과천시,과천시청,1,청계산 도토리,한식,44,5499400,124986,35,경기 과천시 매봉로 15
gwacheon,과천시,과천시청,2,가마솥회관,곰탕,27,3196000,118370,24,경기 과천시 과천대로 161
gwacheon,과천시,과천시청,3,제주항,"해물,생선",22,2486000,113000,21,경기 과천시 새술막길 36
gwacheon,과천시,과천시청,4,향교집,한식,22,2867000,130318,19,경기 과천시 자하동길 18
gwacheon,과천시,과천시청,5,나주면옥,갈비,21,8564000,407810,15,경기 과천시 찬우물로 21-4
gwacheon,과천시,과천시청,6,풍경,한식,20,2018000,100900,19,경기 과천시 별양상가로 7
gwacheon,과천시,과천시청,7,이대감,한식,18,4159600,231089,13,경기 과천시 찬우물로 28
gwacheon,과천시,과천시청,8,땅이네집,한식,17,1577000,92765,12,경기 과천시 자하동길 18
gwacheon,과천시,과천시청,9,벤탄빌라,베트남음식,16,1171500,73219,14,경기 과천시 별양상가1로 40
gwacheon,과천시,과천시청,10,수미수작,"초밥,롤",15,1845500,123033,15,경기 과천시 새술막길 38
gwanak,관악구,관악구청,1,남원추어탕,추어,253,22086400,87298,12,서울 관악구 봉천로 441
gwanak,관악구,관악구청,2,하이보,중국요리,228,27983040,122733,12,서울 관악구 관악로 134
gwanak,관악구,관악구청,3,육전국밥,국밥,219,16731800,76401,12,서울 관악구 남부순환로 1631
gwanak,관악구,관악구청,4,정가네낙지마당,"해물,생선",204,23821250,116771,12,서울 관악구 관악로 138
gwanak,관악구,관악구청,5,제주은갈치,"해물,생선",137,18335800,133838,12,서울 관악구 관악로 139
gwanak,관악구,관악구청,6,산야로,한식,121,8118030,67091,12,서울 관악구 관악로 111
gwanak,관악구,관악구청,7,외래향,중국요리,93,14539700,156341,12,서울 관악구 남부순환로 1801
gwanak,관악구,관악구청,8,유천칡냉면,유천냉면,91,5940900,65285,12,서울 관악구 쑥고개로 104
gwanak,관악구,관악구청,9,만리장성,중국요리,88,9218800,104759,12,서울 관악구 관악로 146
gwanak,관악구,관악구청,10,명태어장,"해물,생선",80,7117400,88968,12,서울 관악구 남부순환로 1852
gwangjin,광진구,광진구청,1,시래마을,한식,90,8579000,95322,72,서울 광진구 아차산로 431
gwangjin,광진구,광진구청,2,대원칼국수,칼국수,73,4606000,63096,65,서울 광진구 자양로18길 56
gwangjin,광진구,광진구청,3,남원골추어탕,추어,71,5477000,77141,60,서울 광진구 아차산로 403-5
gwangjin,광진구,광진구청,4,고향집,"해물,생선",70,7496000,107086,61,서울 광진구 아차산로49길 30
gwangjin,광진구,광진구청,5,백무동,한식,65,4434540,68224,58,서울 광진구 아차산로 441
gwangjin,광진구,광진구청,6,반코디,"제과,베이커리",63,2783600,44184,24,서울 광진구 광나루로36길 71
gwangjin,광진구,광진구청,7,풍성감자탕,감자탕,56,3367000,60125,44,서울 광진구 자양로18길 6
gwangjin,광진구,광진구청,8,빌리노,이탈리안,53,4687610,88445,43,서울 광진구 자양로22길 50
gwangjin,광진구,광진구청,9,미나리급랭삼겹살,삼겹살,50,3658000,73160,43,서울 광진구 자양로18길 12-6
gwangjin,광진구,광진구청,10,황태칼국수,칼국수,48,2443600,50908,43,서울 광진구 아차산로 397
gwangju_buk,광주 북구,광주 북구청,1,넝쿨채,한식,47,17153000,364957,24,광주 북구 매곡로 32-7
gwangju_buk,광주 북구,광주 북구청,2,오우가,"육류,고기",30,11186000,372867,16,광주 북구 서양로41번길 19
gwangju_buk,광주 북구,광주 북구청,3,해수니보쌈,"족발,보쌈",27,2927300,108419,20,광주 북구 우치로27번길 45
gwangju_buk,광주 북구,광주 북구청,4,만선,"해물,생선",26,3606510,138712,20,광주 북구 호동로 6
gwangju_buk,광주 북구,광주 북구청,5,또래오래전대점,또래오래,26,4704000,180923,17,광주 북구 우치로 80
gwangju_buk,광주 북구,광주 북구청,6,스테이,이탈리안,26,3428580,131868,16,광주 북구 서방로9번길 7
gwangju_buk,광주 북구,광주 북구청,7,광양재첩,"해물,생선",24,2064600,86025,17,광주 북구 서방로 16-9
gwangju_buk,광주 북구,광주 북구청,8,바다로,회,22,3998000,181727,15,광주 북구 천지인로 123
gwangju_buk,광주 북구,광주 북구청,9,샤브향,샤브향,22,2194300,99741,14,광주 북구 우치로110번길 9
gwangju_buk,광주 북구,광주 북구청,10,곱돌마루,한식,19,1781600,93768,12,광주 북구 호동로 9-4
gwangju_city,광주광역시,광주광역시청,1,아리랑한정식,한정식,207,31554500,152437,108,광주 서구 천변좌하로 270
gwangju_city,광주광역시,광주광역시청,2,목사골농장,"육류,고기",174,22680260,130346,75,광주 서구 상무번영로 68
gwangju_city,광주광역시,광주광역시청,3,옥과한우촌,"육류,고기",153,20687300,135211,74,광주 서구 내방로 39-1
gwangju_city,광주광역시,광주광역시청,4,하해가,장어,143,18738600,131039,69,광주 서구 내방로 37
gwangju_city,광주광역시,광주광역시청,5,대원한우명가,"육류,고기",87,13609580,156432,35,광주 서구 내방로 35
gwangju_city,광주광역시,광주광역시청,6,가화원,"육류,고기",85,10494000,123459,43,광주 서구 상무번영로 66
gwangju_city,광주광역시,광주광역시청,7,명송생복집,복어,78,10143000,130038,39,광주 서구 치평로 124
gwangju_city,광주광역시,광주광역시청,8,남해쭈꾸미마을,"해물,생선",77,10707120,139054,49,광주 서구 내방로161번길 6
gwangju_city,광주광역시,광주광역시청,9,목사골,"육류,고기",75,11925700,159009,41,광주 서구 상무번영로 68
gwangju_city,광주광역시,광주광역시청,10,상무생복집,복어,74,8551000,115554,53,광주 서구 시청서편로4번길 19-9
gwangju_dong,광주 동구,광주 동구청,1,마한지,한식,53,17056770,321826,40,광주 동구 문화전당로 37-2
gwangju_dong,광주 동구,광주 동구청,2,뜰안채,한정식,41,12179000,297049,35,광주 동구 문화전당로26번길 10-4
gwangju_dong,광주 동구,광주 동구청,3,채미원,한식,19,2632000,138526,17,광주 동구 동계천로 167-7
gwangju_dong,광주 동구,광주 동구청,4,나리들,한식,19,1897600,99874,17,광주 동구 제봉로 122
gwangju_dong,광주 동구,광주 동구청,5,쌍학,일식집,18,3213000,178500,13,광주 동구 구성로152번길 13
gwangju_dong,광주 동구,광주 동구청,6,계절따라,배달도시락,18,3034500,168583,13,광주 동구 서남로33번길 6-1
gwangju_dong,광주 동구,광주 동구청,7,화롯불,"육류,고기",17,4314000,253765,17,광주 동구 백서로 168
gwangju_dong,광주 동구,광주 동구청,8,토메이스시,"초밥,롤",17,1223300,71959,13,광주 동구 동계천로 155
gwangju_dong,광주 동구,광주 동구청,9,상무초밥 계림점,"초밥,롤",17,1685970,99175,7,광주 동구 무등로 405
gwangju_dong,광주 동구,광주 동구청,10,말리화,중국요리,16,2072000,129500,14,광주 동구 제봉로82번길 13-5
gwangju_gwangsan,광산구,광산구청,1,낙원정,한식,14,1852000,132286,2,광주 광산구 복영길 95-43
gwangju_gwangsan,광산구,광산구청,2,종가집떡갈비,갈비,9,1671000,185667,6,광주 광산구 광산로19번길 26
gwangju_gwangsan,광산구,광산구청,3,해궁,"굴,전복",7,1419000,202714,5,광주 광산구 풍영로229번길 53
gwangju_gwangsan,광산구,광산구청,4,가마솥국밥,국밥,7,1411300,201614,4,광주 광산구 광산로30번길 65
gwangju_gwangsan,광산구,광산구청,5,무등골한우명품관,"육류,고기",7,984000,140571,3,광주 광산구 광산로20번길 86
gwangju_gwangsan,광산구,광산구청,6,송정금호,"육류,고기",6,780900,130150,5,광주 광산구 첨단강변로 95
gwangju_gwangsan,광산구,광산구청,7,화천추어탕,추어,6,857500,142917,4,광주 광산구 광산로30번길 7
gwangju_gwangsan,광산구,광산구청,8,함평한우해월식당,"육류,고기",6,310000,51667,2,광주 광산구 임방울대로 154-13
gwangju_gwangsan,광산구,광산구청,9,봄이오듯,한식,4,297000,74250,3,광주 광산구 복영길 50-4
gwangju_gwangsan,광산구,광산구청,10,정명관,"육류,고기",4,259000,64750,3,광주 광산구 하남마항로12번안길 4
gwangju_nam,광주 남구,광주 남구청,1,해남성내식당,한식,47,12014500,255628,23,광주 남구 봉선로 21
gwangju_nam,광주 남구,광주 남구청,2,윤영식당,한식,40,9603000,240075,22,광주 남구 봉선로 8
gwangju_nam,광주 남구,광주 남구청,3,신선횟집,회,31,10134000,326903,19,광주 남구 대남대로181번길 33
gwangju_nam,광주 남구,광주 남구청,4,삼순이맛집,한식,29,5843500,201500,18,광주 남구 대남대로203번길 13-7
gwangju_nam,광주 남구,광주 남구청,5,미항,회,24,6499000,270792,15,광주 남구 봉선중앙로131번길 8
gwangju_nam,광주 남구,광주 남구청,6,회복김밥,분식,19,4274300,224963,9,광주 남구 대남대로203번길 11-1
gwangju_nam,광주 남구,광주 남구청,7,완도활어,회,17,1398500,82265,12,광주 남구 효천안길 86
gwangju_nam,광주 남구,광주 남구청,8,좋은집,한식,17,2387000,140412,10,광주 남구 백양로 25-4
gwangju_nam,광주 남구,광주 남구청,9,고려조삼계탕,삼계탕,16,3132000,195750,11,광주 남구 효우로130번길 20
gwangju_nam,광주 남구,광주 남구청,10,원두막수산,회,15,1120000,74667,11,광주 남구 봉선중앙로 124
gwangju_seo,광주 서구,광주 서구청,1,신청담한우,"육류,고기",166,42534000,256229,67,광주 서구 상무대로 1146
gwangju_seo,광주 서구,광주 서구청,2,청해명가,회,39,6121100,156951,27,광주 서구 화정로310번길 8-1
gwangju_seo,광주 서구,광주 서구청,3,회뜨는마을,회,27,6422000,237852,15,광주 서구 금화로73번길 6-10
gwangju_seo,광주 서구,광주 서구청,4,가매,회,26,8459000,325346,19,광주 서구 상무대로 1104-26
gwangju_seo,광주 서구,광주 서구청,5,민족감자탕,감자탕,26,3090100,118850,17,광주 서구 화정로 303
gwangju_seo,광주 서구,광주 서구청,6,상무옥,갈비,22,7316500,332568,19,광주 서구 서광주로 181
gwangju_seo,광주 서구,광주 서구청,7,농성골,"육류,고기",20,3301700,165085,15,광주 서구 금화로482번길 1
gwangju_seo,광주 서구,광주 서구청,8,한정식 고담,한정식,19,5612000,295368,14,광주 서구 상무연하로 16
gwangju_seo,광주 서구,광주 서구청,9,토종골생태탕,"해물,생선",18,1266000,70333,13,광주 서구 경열로75번길 7
gwangju_seo,광주 서구,광주 서구청,10,해동활어,회,18,5554000,308556,12,광주 서구 상무대로 653-1
gwangmyeong,광명시,광명시청,1,소들녘,갈비,68,5901000,86779,39,경기 광명시 오리로876번길 6
gwangmyeong,광명시,광명시청,2,호우,양꼬치,47,3259000,69340,31,경기 광명시 철산로30번길 22
gwangmyeong,광명시,광명시청,3,한방동대문닭한마리,닭요리,32,2162300,67572,18,경기 광명시 오리로920번길 22
gwangmyeong,광명시,광명시청,4,한본삼계탕,삼계탕,29,1939000,66862,14,경기 광명시 오리로854번길 16-15
gwangmyeong,광명시,광명시청,5,신짬뽕시대,중국요리,27,1474000,54593,10,경기 광명시 오리로 906-7
gwangmyeong,광명시,광명시청,6,옛진미칼국수,칼국수,23,1111000,48304,16,경기 광명시 오리로 932
gwangmyeong,광명시,광명시청,7,광명맛집,"해물,생선",22,2816000,128000,16,경기 광명시 오리로942번길 4
gwangmyeong,광명시,광명시청,8,육대장,육대장,22,1568000,71273,15,경기 광명시 철산로 15
gwangmyeong,광명시,광명시청,9,경주한짝,갈비,22,2063000,93773,10,경기 광명시 오리로854번길 24
gwangmyeong,광명시,광명시청,10,광명국밥,국밥,19,879000,46263,17,경기 광명시 도덕로 16
gwangyang,광양시,광양시청,1,명인정,"육류,고기",38,14146200,372268,14,전남광주통합특별시 광양시 중마로 319
gwangyang,광양시,광양시청,2,청송,"해물,생선",32,5977100,186784,14,전남광주통합특별시 광양시 중마중앙로 8
gwangyang,광양시,광양시청,3,오현정,한정식,30,12265000,408833,8,전남광주통합특별시 광양시 안산길 37
gwangyang,광양시,광양시청,4,수목정,"해물,생선",24,5062000,210917,9,전남광주통합특별시 광양시 중마청룡길 8-7
gwangyang,광양시,광양시청,5,지곡산장,닭요리,22,7959000,361773,15,전남광주통합특별시 광양시 광양읍 서북로 59
gwangyang,광양시,광양시청,6,티크루즈,참치회,22,6031500,274159,7,전남광주통합특별시 광양시 항만13로 23-6
gwangyang,광양시,광양시청,7,대복삼계탕,삼계탕,19,1831000,96368,11,전남광주통합특별시 광양시 시청로 82
gwangyang,광양시,광양시청,8,남이식당,한식,19,7070000,372105,4,전남광주통합특별시 광양시 중마청룡길 8-2
gwangyang,광양시,광양시청,9,싱싱참숯장어,장어,19,8122000,427474,3,전남광주통합특별시 광양시 눈소8길 30
gwangyang,광양시,광양시청,10,갯바위식당,장어,18,1469000,81611,14,전남광주통합특별시 광양시 중마청룡길 49
gyeonggi_do,경기도청,경기도청,1,우사,"육류,고기",109,16142750,148099,38,경기 수원시 영통구 센트럴타운로 85
gyeonggi_do,경기도청,경기도청,2,다인,한정식,50,9620000,192400,34,경기 수원시 팔달구 고화로 30
gyeonggi_do,경기도청,경기도청,3,개수리막국수,닭요리,44,4075000,92614,18,경기 수원시 권선구 금호로 155
gyeonggi_do,경기도청,경기도청,4,북경오리구이,오리,32,4992000,156000,22,경기 수원시 권선구 장다리로 131
gyeonggi_do,경기도청,경기도청,5,푸른수산,회,26,5633700,216681,20,경기 수원시 팔달구 세지로 405-3
gyeonggi_do,경기도청,경기도청,6,건강밥상심마니,한식,24,3019700,125821,19,경기 수원시 영통구 광교중앙로 145
gyeonggi_do,경기도청,경기도청,7,남도예찬,한정식,24,4614000,192250,16,경기 수원시 영통구 센트럴타운로 85
gyeonggi_do,경기도청,경기도청,8,칸지고고,중국요리,23,4048000,176000,18,경기 수원시 영통구 광교중앙로 145
gyeonggi_do,경기도청,경기도청,9,먹보한우,"육류,고기",20,2280000,114000,17,경기 수원시 영통구 광교중앙로 145
gyeonggi_do,경기도청,경기도청,10,본당 광교점,한식,19,2541800,133779,15,경기 수원시 영통구 센트럴타운로 85
gyeongju,경주시,경주시청,1,부둑골식당,한식,31,6809000,219645,7,경북 경주시 용강상리1길 10-1
gyeongju,경주시,경주시청,2,감포별미횟집,회,28,6364000,227286,7,경북 경주시 백률로57번길 10
gyeongju,경주시,경주시청,3,황가네 한우,"육류,고기",24,7185000,299375,4,경북 경주시 백률로53번길 16
gyeongju,경주시,경주시청,4,경주숙성돼지,"육류,고기",17,5603600,329624,4,경북 경주시 탈해로 59
gyeongju,경주시,경주시청,5,오가정가마솥삼계탕,삼계탕,16,2534500,158406,8,경북 경주시 백률로 71
gyeongju,경주시,경주시청,6,감포중매인참가자미회,회,16,2821000,176312,7,경북 경주시 백률로 65-2
gyeongju,경주시,경주시청,7,고미정,오리,14,3687000,263357,7,경북 경주시 양정로 285
gyeongju,경주시,경주시청,8,옛정,한정식,13,2849000,219154,6,경북 경주시 숲머리길 120
gyeongju,경주시,경주시청,9,과일다니,"보관,저장",9,1760500,195611,5,경북 경주시 충효중앙길 4
gyeongju,경주시,경주시청,10,보문초밥,"초밥,롤",9,1632000,181333,3,경북 경주시 갓뒤길10번길 25
gyeongsan,경산시,경산시청,1,중산식육식당,"육류,고기",62,26890000,433710,23,경북 경산시 삼성현로 34-10
gyeongsan,경산시,경산시청,2,부천성2호점,중국요리,42,19575000,466071,7,경북 경산시 대학로 73-2
gyeongsan,경산시,경산시청,3,영덕해산물,회,39,7029000,180231,24,경북 경산시 원효로22길 6
gyeongsan,경산시,경산시청,4,해녀솥밥,한식,28,4422000,157929,18,경북 경산시 백천길 73-5
gyeongsan,경산시,경산시청,5,동성수산,회,27,4458000,165111,18,경북 경산시 화랑로 11
gyeongsan,경산시,경산시청,6,산들다움,삼계탕,26,3604000,138615,11,경북 경산시 삼성현로 264-10
gyeongsan,경산시,경산시청,7,평사리,저수지,21,2612000,124381,12,경북 경산시 진량읍 평사리 376
gyeongsan,경산시,경산시청,8,백자산식육식당,"육류,고기",19,5398000,284105,13,경북 경산시 삼성현로 516
gyeongsan,경산시,경산시청,9,경산예찬한우,"육류,고기",18,5508000,306000,10,경북 경산시 남매로 251
gyeongsan,경산시,경산시청,10,해수전복,"굴,전복",17,3729000,219353,11,경북 경산시 중방로 10
gyeyang,계양구,계양구청,1,통큰집,"육류,고기",35,6542000,186914,28,인천 계양구 계산새로87번길 6
gyeyang,계양구,계양구청,2,잇츠,양식,32,7635600,238612,22,인천 계양구 오조산로57번길 7
gyeyang,계양구,계양구청,3,전현수의황제누룽지탕,한식,28,4547300,162404,24,인천 계양구 오조산로45번길 11-1
gyeyang,계양구,계양구청,4,제주항,"해물,생선",28,5170000,184643,19,인천 계양구 계양문화로59번길 11
gyeyang,계양구,계양구청,5,사랑채,한정식,22,2299300,104514,20,인천 계양구 계양문화로59번길 1
gyeyang,계양구,계양구청,6,해나루 쭈꾸미,"해물,생선",22,3085200,140236,18,인천 계양구 계산새로 89
gyeyang,계양구,계양구청,7,성원닭갈비,닭요리,22,2643270,120149,18,인천 계양구 아나지로 177
gyeyang,계양구,계양구청,8,강남초밥,"초밥,롤",20,2983300,149165,13,인천 계양구 계양문화로 90
gyeyang,계양구,계양구청,9,약선삼계탕,삼계탕,20,2534800,126740,13,인천 계양구 오조산로45번길 8
gyeyang,계양구,계양구청,10,가든파티,갈비,20,5627600,281380,10,인천 계양구 경명대로 977
hadong,하동군,하동군청,1,형제식육식당,"육류,고기",37,25173000,680351,8,경남 하동군 하동읍 시장2길 15-10
hadong,하동군,하동군청,2,가릉,"해물,생선",13,3612000,277846,7,경남 하동군 하동읍 중앙로 120
hadong,하동군,하동군청,3,소문난 김밥,분식,13,3290000,253077,7,경남 하동군 하동읍 경서대로 138
hadong,하동군,하동군청,4,성화관,중국요리,11,2416000,219636,7,경남 하동군 적량면 공설운동장로 254
hadong,하동군,하동군청,5,지리산면옥,냉면,9,1489000,165444,9,경남 하동군 하동읍 섬진강대로 1880
hadong,하동군,하동군청,6,하동충무김밥,분식,8,1505000,188125,8,경남 하동군 하동읍 시장1길 10-4
hadong,하동군,하동군청,7,유가네집밥,한식,8,1030000,128750,8,경남 하동군 하동읍 중앙1길 10-1
hadong,하동군,하동군청,8,민들레 점빵,한식,8,766000,95750,8,경남 하동군 하동읍 시장1길 20-3
hadong,하동군,하동군청,9,하동반점,중국요리,7,931000,133000,7,경남 하동군 하동읍 시장1길 30
hadong,하동군,하동군청,10,여울목,한식,7,679000,97000,7,경남 하동군 하동읍 시장1길 12-1
haenam,해남군,해남군청,1,청솔복집,복어,58,9213000,158845,45,전남 해남군 해남읍 북부순환로 97
haenam,해남군,해남군청,2,곤드레만드레,한식,36,9447000,262417,29,전남 해남군 해남읍 서초길 12
haenam,해남군,해남군청,3,도화지,한식,31,7123000,229774,24,전남 해남군 해남읍 읍내길 35
haenam,해남군,해남군청,4,만재가든,"육류,고기",30,6659000,221967,22,전남 해남군 해남읍 중앙1로 356
haenam,해남군,해남군청,5,성내,샤브샤브,30,9658000,321933,19,전남 해남군 해남읍 명문길 19-1
haenam,해남군,해남군청,6,땅끝기와집,한정식,22,7213750,327898,19,전남 해남군 해남읍 법원길 33
haenam,해남군,해남군청,7,태평양,회,21,2573000,122524,19,전남 해남군 해남읍 북부순환로 92
haenam,해남군,해남군청,8,진미식당,한식,20,3871000,193550,16,전남 해남군 해남읍 남부순환로 13-5
haenam,해남군,해남군청,9,반갑다친구야,"육류,고기",18,2362000,131222,17,전남 해남군 해남읍 천변2길 53
haenam,해남군,해남군청,10,백선식당,한식,16,4822000,301375,16,전남 해남군 해남읍 군청길 15
haman,함안군,함안군청,1,구만식당,샤브샤브,34,3243000,95382,10,경남 함안군 군북면 중암3길 87-34
haman,함안군,함안군청,2,거북이식당,한식,27,3690400,136681,21,경남 함안군 가야읍 중앙남길 24-29
haman,함안군,함안군청,3,쾌지나 칭칭,갈비,21,4195000,199762,19,경남 함안군 가야읍 새터길 168-2
haman,함안군,함안군청,4,수라식당,한식,19,5777000,304053,7,경남 함안군 군북면 중암6길 6
haman,함안군,함안군청,5,아라정,"육류,고기",17,5233000,307824,13,경남 함안군 가야읍 가야로 60
haman,함안군,함안군청,6,경원해물찜,"해물,생선",15,2109000,140600,12,경남 함안군 가야읍 고분길 85
haman,함안군,함안군청,7,아라물텀벙,아구,15,2559000,170600,11,경남 함안군 가야읍 본동2길 4
haman,함안군,함안군청,8,가원,한식,13,2310100,177700,13,경남 함안군 가야읍 왕궁길 170-21
haman,함안군,함안군청,9,덕분이오,오리,13,2585000,198846,12,경남 함안군 가야읍 삼봉로 507-12
haman,함안군,함안군청,10,황토복집,복어,12,1128000,94000,6,경남 함안군 군북면 지두3길 6
hampyeong,함평군,함평군청,1,목포식당,"육류,고기",46,10312400,224183,26,전남광주통합특별시 함평군 함평읍 시장길 32
hampyeong,함평군,함평군청,2,갯뻘수산,"해물,생선",42,9295000,221310,24,전남광주통합특별시 함평군 함평읍 중앙길 79-1
hampyeong,함평군,함평군청,3,고기굽는사람들,"육류,고기",41,13011000,317341,24,전남광주통합특별시 함평군 함평읍 함영로 1012
hampyeong,함평군,함평군청,4,전주식당,한식,31,4641000,149710,21,전남광주통합특별시 함평군 함평읍 신기산길 22
hampyeong,함평군,함평군청,5,천지면옥,냉면,30,7549400,251647,25,전남광주통합특별시 함평군 함평읍 함장로 1119
hampyeong,함평군,함평군청,6,다래가든,삼계탕,30,7577190,252573,22,전남광주통합특별시 함평군 엄다면 곤재로 210
hampyeong,함평군,함평군청,7,복이랑돈이랑,"육류,고기",28,8950900,319675,22,전남광주통합특별시 함평군 함평읍 교광길 73-2
hampyeong,함평군,함평군청,8,금송식육식당,"육류,고기",25,7322000,292880,21,전남광주통합특별시 함평군 함평읍 중앙길 54-11
hampyeong,함평군,함평군청,9,나비의꿈,"해물,생선",25,6537000,261480,15,전남광주통합특별시 함평군 함평읍 중앙길 106
hampyeong,함평군,함평군청,10,날다,"해물,생선",24,4444000,185167,21,전남광주통합특별시 함평군 함평읍 함장로 1117
hamyang,함양군,함양군청,1,대성식당,한식,36,5793000,160917,18,경남 함양군 함양읍 용평6길 4
hamyang,함양군,함양군청,2,고거식당,한식,36,9954500,276514,17,경남 함양군 함양읍 함양로 1104
hamyang,함양군,함양군청,3,대웅,한식,34,12682000,373000,9,경남 함양군 함양읍 용평중앙길 3
hamyang,함양군,함양군청,4,나무달쉼터,한식,23,4098000,178174,18,경남 함양군 함양읍 대실길 225
hamyang,함양군,함양군청,5,칠성식당,"육류,고기",20,3812000,190600,10,경남 함양군 함양읍 고운로 102-1
hamyang,함양군,함양군청,6,명태어장,"해물,생선",19,3065100,161321,14,경남 함양군 함양읍 상림1길 26
hamyang,함양군,함양군청,7,청해수산,회,19,5025000,264474,12,경남 함양군 함양읍 용평길 12-4
hamyang,함양군,함양군청,8,청정해역,회,19,5197000,273526,9,경남 함양군 함양읍 용평4길 9-13
hamyang,함양군,함양군청,9,해소수산,회,18,4157000,230944,14,경남 함양군 함양읍 학사루길 22
hamyang,함양군,함양군청,10,그집아구,아구,17,2179000,128176,7,경남 함양군 함양읍 학사루3길 5
hapcheon,합천군,합천군청,1,돈잔치,한식,20,5003000,250150,14,경남 합천군 합천읍 옥산로 25-1
hapcheon,합천군,합천군청,2,고기굽는빵구네,"육류,고기",19,4985300,262384,13,경남 합천군 합천읍 대야로 935
hapcheon,합천군,합천군청,3,행복가든,"육류,고기",19,4545000,239211,13,경남 합천군 합천읍 핫들1로 8
hapcheon,합천군,합천군청,4,대식한우명가,"육류,고기",18,4375900,243106,10,경남 합천군 용주면 합천호수로 873
hapcheon,합천군,합천군청,5,청학동식당,국밥,17,3728000,219294,15,경남 합천군 합천읍 문화로 43
hapcheon,합천군,합천군청,6,산해진미,"해물,생선",15,3668000,244533,11,경남 합천군 합천읍 동서로 149
hapcheon,합천군,합천군청,7,만조,회,13,3630000,279231,12,경남 합천군 합천읍 옥산로 35-1
hapcheon,합천군,합천군청,8,민수네,한식,12,3553000,296083,12,경남 합천군 합천읍 동서로 60
hapcheon,합천군,합천군청,9,미소복어,한식,12,1828000,152333,11,경남 합천군 합천읍 대야로 880-7
hapcheon,합천군,합천군청,10,오리와 장어,한식,12,1722000,143500,10,경남 합천군 합천읍 동서로 159
hn2025,하남시,하남시청,1,하남미소,한우·고기,36,3900300,108342,,경기 하남시 대청로 27 (신장동)
hn2025,하남시,하남시청,2,하남미소 명품한우,한우,18,2919600,162200,,경기 하남시 신장동 일대
hn2025,하남시,하남시청,3,박주부돼지집,돼지고기·한식,18,3539050,196614,,경기 하남시 하남대로784번안길 5 (신장동)
hn2025,하남시,하남시청,4,가마솥밥상,한식·백반,17,1669500,98206,,경기 하남시 천현로39번길 9 (신장동)
hn2025,하남시,하남시청,5,선비꼬마김밥 하남1호점,분식·김밥,14,912000,65143,,경기 하남시 하남유니온로 70-1 (신장동)
hn2025,하남시,하남시청,6,고구려생삼겹살,삼겹살·고기,14,3948000,282000,,경기 하남시 대청로 5 우성빌딩 1층 (신장동)
hn2025,하남시,하남시청,7,하남빵집,제과·베이커리,13,1624100,124931,,경기 하남시 하남대로802번길 64 (신장동)
hn2025,하남시,하남시청,8,감일락,육류·고기,13,1247004,95923,,경기 하남시 서하남로48번길 40-16 (감일동)
hn2025,하남시,하남시청,9,백리원,육류·고기,13,2004500,154192,,경기 하남시 미사대로 680 (신장동)
hn2025,하남시,하남시청,10,검단산흑염소,흑염소·보양식,11,2171000,197364,,경기 하남시 검단산로218번길 41-8 (창우동)
hoengseong,횡성군,횡성군청,1,함밭식당,"육류,고기",78,33150000,425000,56,강원특별자치도 횡성군 횡성읍 섬강로 88
hoengseong,횡성군,횡성군청,2,강원식당,한식,50,5080000,101600,35,강원특별자치도 횡성군 횡성읍 태기로 12
hoengseong,횡성군,횡성군청,3,불타는 쌈밥,쌈밥,34,5020000,147647,28,강원특별자치도 횡성군 횡성읍 교항북로 9
hoengseong,횡성군,횡성군청,4,횡성토종한우프라자,"육류,고기",30,15446000,514867,17,강원특별자치도 횡성군 횡성읍 한우로 272
hoengseong,횡성군,횡성군청,5,우와담,"육류,고기",28,5680000,202857,22,강원특별자치도 횡성군 횡성읍 화성로 81-16
hoengseong,횡성군,횡성군청,6,한정식당,한식,24,3496000,145667,18,강원특별자치도 횡성군 횡성읍 문정로 7-2
hoengseong,횡성군,횡성군청,7,청정해역,회,23,8182000,355739,20,강원특별자치도 횡성군 횡성읍 삼일로 75
hoengseong,횡성군,횡성군청,8,선초밥,"초밥,롤",17,2013000,118412,15,강원특별자치도 횡성군 횡성읍 앞들서남로 5
hoengseong,횡성군,횡성군청,9,향토추어탕,추어,16,1263000,78938,13,강원특별자치도 횡성군 횡성읍 문화체육로 71
hoengseong,횡성군,횡성군청,10,박현자네더덕밥,한식,15,4509000,300600,13,강원특별자치도 횡성군 횡성읍 횡성로 59
hongcheon,홍천군,홍천군청,1,늘푸름홍천한우프라자,"육류,고기",51,18719900,367057,21,강원특별자치도 홍천군 홍천읍 설악로 1265
hongcheon,홍천군,홍천군청,2,푸른농산 한우마을,정육점,31,9074980,292741,17,강원특별자치도 홍천군 홍천읍 소옥개로 110
hongcheon,홍천군,홍천군청,3,풍년갈비,갈비,18,10973000,609611,12,강원특별자치도 홍천군 홍천읍 꽃뫼로 134
hongcheon,홍천군,홍천군청,4,가람목,한식,17,4515000,265588,13,강원특별자치도 홍천군 홍천읍 홍천로 479
hongcheon,홍천군,홍천군청,5,홍천가든,삼겹살,16,7504000,469000,14,강원특별자치도 홍천군 북방면 홍천로 205-3
hongcheon,홍천군,홍천군청,6,양지말화로구이,"육류,고기",16,7029000,439312,8,강원특별자치도 홍천군 홍천읍 양지말길 17-4
hongcheon,홍천군,홍천군청,7,일송식당,한식,14,2123000,151643,7,강원특별자치도 홍천군 북방면 홍천로 119
hongcheon,홍천군,홍천군청,8,기와집곰탕,곰탕,13,3102000,238615,11,강원특별자치도 홍천군 홍천읍 홍천로 654
hongcheon,홍천군,홍천군청,9,별난매운탕,"매운탕,해물탕",13,1904000,146462,9,강원특별자치도 홍천군 북방면 영서로 2730
hongcheon,홍천군,홍천군청,10,풍년식당,국밥,13,1564000,120308,9,강원특별자치도 홍천군 홍천읍 신장대로 92
hongseong,홍성군,홍성군청,1,내당한우,"육류,고기",20,2397000,119850,16,충남 홍성군 홍성읍 아문길52번길 6
hongseong,홍성군,홍성군청,2,동림갈비,갈비,19,3123500,164395,15,충남 홍성군 홍성읍 월계천길 270-23
hongseong,홍성군,홍성군청,3,한우일번지,"육류,고기",18,2848000,158222,13,충남 홍성군 홍성읍 문화로 172
hongseong,홍성군,홍성군청,4,조양식당,한식,16,3565500,222844,14,충남 홍성군 홍성읍 조양로119번길 9
hongseong,홍성군,홍성군청,5,그때그집,한정식,13,1822000,140154,11,충남 홍성군 홍성읍 홍덕서로 203-5
hongseong,홍성군,홍성군청,6,송림,복어,11,1508000,137091,10,충남 홍성군 홍성읍 조양로136번길 8
hongseong,홍성군,홍성군청,7,들마루감자탕,한정식,11,2615000,237727,4,충남 홍성군 은하면 은하로 254
hongseong,홍성군,홍성군청,8,성마루,한식,9,2324500,258278,7,충남 홍성군 홍성읍 조양로 67-1
hongseong,홍성군,홍성군청,9,향원,한정식,9,1338000,148667,7,충남 홍성군 홍성읍 홍덕서로 43
hongseong,홍성군,홍성군청,10,함흥냉면,냉면,8,1381000,172625,6,충남 홍성군 홍성읍 조양로103번길 12
hwacheon,화천군,화천군청,1,명가,회,29,7280400,251048,10,강원특별자치도 화천군 화천읍 상승로 57
hwacheon,화천군,화천군청,2,화천코다리,한식,23,2262000,98348,10,강원특별자치도 화천군 화천읍 중앙로3길 33
hwacheon,화천군,화천군청,3,신천일막국수,국수,20,2285000,114250,5,강원특별자치도 화천군 화천읍 중앙로 34-9
hwacheon,화천군,화천군청,4,미가,"육류,고기",18,6563000,364611,10,강원특별자치도 화천군 화천읍 중앙로4길 29-5
hwacheon,화천군,화천군청,5,평양막국수,국수,18,2180000,121111,3,강원특별자치도 화천군 화천읍 평화로 406
hwacheon,화천군,화천군청,6,어가육가,한식,13,1463000,112538,9,강원특별자치도 화천군 화천읍 중앙로7길 23
hwacheon,화천군,화천군청,7,삼호가든,닭요리,9,1296000,144000,5,강원특별자치도 화천군 사내면 문화마을1길 14
hwacheon,화천군,화천군청,8,의정부 행복 부대찌개,"찌개,전골",8,1812000,226500,7,강원특별자치도 화천군 화천읍 중앙로3길 16-9
hwacheon,화천군,화천군청,9,논길,한식,8,961000,120125,3,강원특별자치도 화천군 화천읍 중앙로6길 32
hwacheon,화천군,화천군청,10,거북회관,"육류,고기",6,1332000,222000,6,강원특별자치도 화천군 사내면 수피령로 36
hwaseong,화성시,화성시청,1,뜰안에,쌈밥,212,22662400,106898,168,경기 화성시 만세구 남양읍 성주골길 37
hwaseong,화성시,화성시청,2,형수님보리밥,한식,128,10127400,79120,116,경기 화성시 만세구 남양읍 시청로201번길 11-17
hwaseong,화성시,화성시청,3,산골,추어,121,12140000,100331,106,경기 화성시 효행구 봉담읍 가능골2길 39
hwaseong,화성시,화성시청,4,남양 옛날 불낙지,"해물,생선",114,14805800,129875,91,경기 화성시 만세구 남양읍 남양성지로 227
hwaseong,화성시,화성시청,5,옥돌정,한식,111,9725000,87613,91,경기 화성시 만세구 남양읍 남양성지로 211
hwaseong,화성시,화성시청,6,모락모락,"육류,고기",96,11512470,119922,82,경기 화성시 만세구 남양읍 역골중앙로 70
hwaseong,화성시,화성시청,7,예담들깨삼계탕,삼계탕,93,9235000,99301,82,경기 화성시 만세구 남양읍 역골로 76
hwaseong,화성시,화성시청,8,홍천덤바우록계탕,한식,86,8576000,99721,81,경기 화성시 만세구 남양읍 역골중앙로41번길 42
hwaseong,화성시,화성시청,9,미추원주추어탕,한식,82,5825000,71037,71,경기 화성시 만세구 남양읍 신남안길 305
hwaseong,화성시,화성시청,10,남도사골순대국,국밥,73,5854000,80192,66,경기 화성시 만세구 남양읍 시청로32번길 3
hwasun,화순군,화순군청,1,다도복집,복어,16,1742000,108875,8,전남광주통합특별시 화순군 화순읍 진각로 160
hwasun,화순군,화순군청,2,수림정,한정식,11,2021000,183727,6,전남광주통합특별시 화순군 화순읍 진각로 154
hwasun,화순군,화순군청,3,백두대간,"육류,고기",10,3544000,354400,8,전남광주통합특별시 화순군 화순읍 칠충로 13
hwasun,화순군,화순군청,4,한우리식당,"육류,고기",10,3876000,387600,5,전남광주통합특별시 화순군 이양면 이양로 115
hwasun,화순군,화순군청,5,화순시골추어탕,추어,10,1087300,108730,4,전남광주통합특별시 화순군 화순읍 서양로 438
hwasun,화순군,화순군청,6,석란,한정식,9,1177000,130778,8,전남광주통합특별시 화순군 화순읍 교동길 20
hwasun,화순군,화순군청,7,화순팜,기업,9,4067150,451906,5,전남광주통합특별시 화순군 능주면 능주종방길 83
hwasun,화순군,화순군청,8,남도명가,"육류,고기",8,1272000,159000,5,전남광주통합특별시 화순군 능주면 능주농공길 3
hwasun,화순군,화순군청,9,화순솔향가든,쌈밥,8,851000,106375,5,전남광주통합특별시 화순군 도곡면 천태로 1064
hwasun,화순군,화순군청,10,떡보브라더스,"떡,한과",7,533000,76143,5,전남광주통합특별시 화순군 화순읍 화보로 4135
icheon,이천시,이천시청,1,느티나무집,삼계탕,92,13182000,143283,72,경기 이천시 부악로 30-62
icheon,이천시,이천시청,2,야반,한정식,82,13676000,166780,68,경기 이천시 경충대로 2849
icheon,이천시,이천시청,3,정다함,한정식,73,10073000,137986,55,경기 이천시 영창로 42
icheon,이천시,이천시청,4,미소원정육식당,"육류,고기",71,6054000,85268,64,경기 이천시 경충대로 2925
icheon,이천시,이천시청,5,관촌순두부,두부전문점,69,5729000,83029,60,경기 이천시 경충대로 2934
icheon,이천시,이천시청,6,수하리묵밥집,한식,57,4730000,82982,53,경기 이천시 신둔면 원적로322번길 142-31
icheon,이천시,이천시청,7,거진항 코다리,"해물,생선",54,4479000,82944,44,경기 이천시 구만리로 42-1
icheon,이천시,이천시청,8,중리골,추어,53,3695000,69717,47,경기 이천시 부악로 30-61
icheon,이천시,이천시청,9,돈통마늘보쌈 이천시,돈통마늘보쌈,52,4626000,88962,45,경기 이천시 중리천로70번길 9
icheon,이천시,이천시청,10,숲속의 대구탕,아구,50,4429000,88580,41,경기 이천시 부악로 30-82
iksan,익산시,익산시청,1,이담,인테리어,41,3781000,92220,8,전북특별자치도 익산시 고봉로18길 98
iksan,익산시,익산시청,2,본도시락,본도시락,19,1350900,71100,10,전북특별자치도 익산시 무왕로 932-1
iksan,익산시,익산시청,3,대동강민물촌,장어,14,2781000,198643,8,전북특별자치도 익산시 익산대로22길 46
iksan,익산시,익산시청,4,하루미,일식집,11,1378000,125273,7,전북특별자치도 익산시 하나로10길 70-1
iksan,익산시,익산시청,5,아리랑한우전문점,"육류,고기",9,1152000,128000,4,전북특별자치도 익산시 선화로3길 16-3
iksan,익산시,익산시청,6,다올한우전문점,"육류,고기",6,1515000,252500,4,전북특별자치도 익산시 하나로 524
iksan,익산시,익산시청,7,한일정,오리,3,985000,328333,3,전북특별자치도 익산시 고현로 10
iksan,익산시,익산시청,8,해담,"해물,생선",3,352000,117333,3,전북특별자치도 익산시 함열읍 함열1길 28
iksan,익산시,익산시청,9,무진장갈비촌,"육류,고기",3,1395000,465000,2,전북특별자치도 익산시 선화로31길 58
iksan,익산시,익산시청,10,예담,전통찻집,3,712000,237333,1,전북특별자치도 익산시 동서로47길 27
incheon_city,인천광역시,인천광역시청,1,전복촌,"굴,전복",78,9609600,123200,54,인천 남동구 예술로204번길 35
incheon_city,인천광역시,인천광역시청,2,이도참치,참치회,51,5463400,107125,36,인천 남동구 남동대로765번길 39
incheon_city,인천광역시,인천광역시청,3,황금풍천장어,장어,47,3909000,83170,41,인천 남동구 구월남로 172
incheon_city,인천광역시,인천광역시청,4,경복궁삼계탕,삼계탕,38,3853000,101395,32,인천 연수구 센트럴로 263
incheon_city,인천광역시,인천광역시청,5,형제복집,복어,34,4330000,127353,29,인천 남동구 구월남로 117
incheon_city,인천광역시,인천광역시청,6,본강남면옥,냉면,27,2593000,96037,27,인천 남동구 남동대로799번길 44
incheon_city,인천광역시,인천광역시청,7,옛정,한정식,25,3283000,131320,23,인천 남동구 예술로268번길 51
incheon_city,인천광역시,인천광역시청,8,풍경생선구이,"해물,생선",25,1738000,69520,21,인천 남동구 구월로 119
incheon_city,인천광역시,인천광역시청,9,설화생갈비,갈비,25,3601000,144040,20,인천 미추홀구 인주대로 285
incheon_city,인천광역시,인천광역시청,10,육봉달,"육류,고기",25,3106800,124272,20,인천 남동구 구월남로 151
incheon_donggu,인천 동구,인천동구청,1,삼미영양센타,"사철탕,영양탕",6,1694000,282333,2,인천 제물포구 화수로 83-1
incheon_donggu,인천 동구,인천동구청,2,화수식당,한식,6,1386000,231000,2,인천 제물포구 제물량로 437-1
incheon_donggu,인천 동구,인천동구청,3,형제숯불구이,"육류,고기",3,621000,207000,2,인천 제물포구 화수로 83-1
incheon_donggu,인천 동구,인천동구청,4,채소랑,샤브샤브,1,397000,397000,1,인천 제물포구 화수로 18
incheon_donggu,인천 동구,인천동구청,5,동부숯불갈비,갈비,1,280000,280000,1,인천 제물포구 화수로 18
incheon_donggu,인천 동구,인천동구청,6,소플러스 송림점,"육류,고기",1,259000,259000,1,인천 제물포구 염전로40번길 85
incheon_donggu,인천 동구,인천동구청,7,기와집 감자탕 본점,감자탕,1,220000,220000,1,인천 제물포구 수문통로 7-2
incheon_donggu,인천 동구,인천동구청,8,벌교꼬막정식,조개,1,170000,170000,1,인천 제물포구 제물량로 424
incheon_donggu,인천 동구,인천동구청,9,횡성생고기,"육류,고기",1,158700,158700,1,인천 제물포구 송화로20번길 11
incheon_donggu,인천 동구,인천동구청,10,먹거리식당,한식,1,137000,137000,1,인천 제물포구 화수로 51
incheon_junggu,인천 중구,인천중구청,1,우화미,한식,15,2792000,186133,14,인천 제물포구 개항로 11
incheon_junggu,인천 중구,인천중구청,2,백령도어화,"해물,생선",11,1462000,132909,11,인천 제물포구 신포로27번길 39-1
incheon_junggu,인천 중구,인천중구청,3,영종미담,"육류,고기",10,1973400,197340,9,인천 영종구 운중로108번길 7
incheon_junggu,인천 중구,인천중구청,4,진흥각,중식,10,1845500,184550,9,인천 제물포구 신포로23번길 20
incheon_junggu,인천 중구,인천중구청,5,명품한우,"육류,고기",8,765000,95625,8,인천 제물포구 우현로35번길 19-1
incheon_junggu,인천 중구,인천중구청,6,명진일식,일식집,8,1462000,182750,7,인천 제물포구 신포로23번길 21
incheon_junggu,인천 중구,인천중구청,7,또가세,칼국수,8,141000,17625,7,인천 영종구 백운로 433
incheon_junggu,인천 중구,인천중구청,8,담쟁이넝쿨,한식,7,940000,134286,7,인천 제물포구 자유공원남로 12
incheon_junggu,인천 중구,인천중구청,9,개성집,국수,7,457000,65286,7,인천 제물포구 신포로23번길 65
incheon_junggu,인천 중구,인천중구청,10,명품관,씨채널안경,7,2585000,369286,6,인천 제물포구 개항로 56
incheon_seo,인천 서구,인천 서구청,1,촌장골,갈비,54,14457000,267722,47,인천 서해구 서곶로 296
incheon_seo,인천 서구,인천 서구청,2,희래등,중국요리,49,12395000,252959,46,인천 서해구 탁옥로86번길 6-1
incheon_seo,인천 서구,인천 서구청,3,참다루,"육류,고기",40,11222500,280562,33,인천 서해구 서곶로315번길 15-1
incheon_seo,인천 서구,인천 서구청,4,최복남직화쭈꾸미명가,"해물,생선",35,6583800,188109,33,인천 서해구 서곶로315번길 13
incheon_seo,인천 서구,인천 서구청,5,바다애,한식,33,8261000,250333,28,인천 제물포구 신포로27번길 35
incheon_seo,인천 서구,인천 서구청,6,고향미추홀한정식,한정식,32,3557200,111162,28,인천 서해구 탁옥로34번길 10
incheon_seo,인천 서구,인천 서구청,7,오자매생선촌,"해물,생선",25,3527000,141080,23,인천 서해구 심곡로55번길 9
incheon_seo,인천 서구,인천 서구청,8,어푸키친,이탈리안,24,4175400,173975,22,인천 서해구 승학로 243
incheon_seo,인천 서구,인천 서구청,9,섬진강매운탕,"매운탕,해물탕",24,4340000,180833,21,인천 서해구 탁옥로33번길 22
incheon_seo,인천 서구,인천 서구청,10,밥상편지,한식,20,4461200,223060,17,인천 서해구 염곡로464번길 23
inje,인제군,인제군청,1,일미장,"육류,고기",43,6635000,154302,20,강원특별자치도 인제군 인제읍 인제로188번길 1
inje,인제군,인제군청,2,태고면옥,한식,33,8314400,251952,20,강원특별자치도 인제군 인제읍 인제로206번길 35
inje,인제군,인제군청,3,갯골유원지,한식,29,5430000,187241,22,강원특별자치도 인제군 인제읍 인제로103번길 70
inje,인제군,인제군청,4,인제골,한식,29,8192000,282483,19,강원특별자치도 인제군 인제읍 비봉로30번길 42
inje,인제군,인제군청,5,한국관,한식,29,7303000,251828,18,강원특별자치도 인제군 인제읍 인제로188번길 14
inje,인제군,인제군청,6,뿌리식당,해장국,17,1963000,115471,14,강원특별자치도 인제군 남면 부평정자로 26-2
inje,인제군,인제군청,7,통나무집,"해물,생선",17,1578000,92824,13,강원특별자치도 인제군 인제읍 설악로 2362
inje,인제군,인제군청,8,한우명가,갈비,17,6600000,388235,12,강원특별자치도 인제군 인제읍 비봉로15번길 22
inje,인제군,인제군청,9,그린식당,한식,16,2420500,151281,12,강원특별자치도 인제군 인제읍 비봉로5번길 6
inje,인제군,인제군청,10,대복식당,아구,16,1281000,80062,11,강원특별자치도 인제군 남면 신남로54번길 14
jangheung,장흥군,장흥군청,1,연아정,"육류,고기",38,11322000,297947,21,전남광주통합특별시 장흥군 장흥읍 동교3길 32
jangheung,장흥군,장흥군청,2,정남진갈치전문점,"해물,생선",28,4944600,176593,14,전남광주통합특별시 장흥군 장흥읍 동부로 6-1
jangheung,장흥군,장흥군청,3,싱싱회마을,회,27,6687000,247667,22,전남광주통합특별시 장흥군 장흥읍 건산로 48
jangheung,장흥군,장흥군청,4,신들뫼바다,"해물,생선",22,3020000,137273,17,전남광주통합특별시 장흥군 장흥읍 북부로 19
jangheung,장흥군,장흥군청,5,천관회관,아구,17,1489000,87588,5,전남광주통합특별시 장흥군 관산읍 장흥대로 1674
jangheung,장흥군,장흥군청,6,명성삼겹살,한식,16,3305000,206562,14,전남광주통합특별시 장흥군 장흥읍 건산로1길 1
jangheung,장흥군,장흥군청,7,부뚜막,"육류,고기",15,2722150,181477,12,전남광주통합특별시 장흥군 장흥읍 토요시장3길 8-1
jangheung,장흥군,장흥군청,8,탐진갈비,갈비,15,2562000,170800,9,전남광주통합특별시 장흥군 장흥읍 물레방앗간길 5
jangheung,장흥군,장흥군청,9,강산해갈비찜,갈비,13,2985000,229615,12,전남광주통합특별시 장흥군 장흥읍 동교로 71-13
jangheung,장흥군,장흥군청,10,장수초록마을,"육류,고기",13,3195000,245769,7,전남광주통합특별시 장흥군 장흥읍 장흥로 30
jangseong,장성군,장성군청,1,국일본가,"육류,고기",24,3440000,143333,18,전남광주통합특별시 장성군 장성읍 매화3길 24
jangseong,장성군,장성군청,2,사철식당,한식,23,4447000,193348,18,전남광주통합특별시 장성군 장성읍 영천로 193-1
jangseong,장성군,장성군청,3,친구야,한식,23,3814000,165826,12,전남광주통합특별시 장성군 장성읍 매화7길 10
jangseong,장성군,장성군청,4,화수분,한정식,19,3831000,201632,17,전남광주통합특별시 장성군 장성읍 물류로 26
jangseong,장성군,장성군청,5,생숯불갈비,갈비,19,1870000,98421,12,전남광주통합특별시 장성군 장성읍 청운길 10
jangseong,장성군,장성군청,6,산촌자연밥상,한식,14,3458000,247000,12,전남광주통합특별시 장성군 황룡면 홍길동로 441
jangseong,장성군,장성군청,7,이레추어탕,추어,13,2679000,206077,8,전남광주통합특별시 장성군 서삼면 축령로 371
jangseong,장성군,장성군청,8,장성소고기,"육류,고기",12,2871400,239283,10,전남광주통합특별시 장성군 장성읍 역전로 105
jangseong,장성군,장성군청,9,돌담너머,한식,12,1634000,136167,9,전남광주통합특별시 장성군 장성읍 매화1길 18
jangseong,장성군,장성군청,10,등뼈감자탕&등갈비,감자탕,11,1488000,135273,10,전남광주통합특별시 장성군 장성읍 청운1길 29
jecheon,제천시,제천시청,1,구산복집,복어,65,7166000,110246,47,충북 제천시 의병대로12길 34
jecheon,제천시,제천시청,2,황금연못,한식,62,9136000,147355,48,충북 제천시 내토로 281
jecheon,제천시,제천시청,3,우리소생고기,"육류,고기",33,3304000,100121,17,충북 제천시 내토로7길 7
jecheon,제천시,제천시청,4,청마루,한정식,27,3224000,119407,23,충북 제천시 내토로43길 14
jecheon,제천시,제천시청,5,신월,광장,24,3533000,147208,23,충북 제천시 세명로 65
jecheon,제천시,제천시청,6,설봉정육식당,"육류,고기",22,2151700,97805,19,충북 제천시 내토로 157
jecheon,제천시,제천시청,7,고향맛집,"해물,생선",21,1985000,94524,17,충북 제천시 내제로 61
jecheon,제천시,제천시청,8,행복한숯불구이,오리,21,2700000,128571,10,충북 제천시 내토로11길 36
jecheon,제천시,제천시청,9,태성추어탕삼계탕,추어,17,1911000,112412,15,충북 제천시 내토로 181
jecheon,제천시,제천시청,10,남원가마솥추어탕,추어,17,1243000,73118,15,충북 제천시 대학로 125
jeju_do,제주도,제주특별자치도청,1,제주썬 호텔,호텔,51,15941900,312586,10,제주특별자치도 제주시 삼무로 67
jeju_do,제주도,제주특별자치도청,2,포도원흑돼지,"육류,고기",26,7266000,279462,16,제주특별자치도 제주시 수목원길 51
jeju_do,제주도,제주특별자치도청,3,스토브온제주,피자,21,2353000,112048,6,제주특별자치도 제주시 한림읍 중산간서로 4062
jeju_do,제주도,제주특별자치도청,4,피자알볼로노형점,피자알볼로,20,4393700,219685,9,제주특별자치도 제주시 노형6길 9
jeju_do,제주도,제주특별자치도청,5,만부정,복어,17,4484000,263765,9,제주특별자치도 제주시 사장길 38
jeju_do,제주도,제주특별자치도청,6,하늘채가든,닭요리,16,2625000,164062,15,제주특별자치도 제주시 오등14길 4
jeju_do,제주도,제주특별자치도청,7,오키나와,일식집,15,3188000,212533,15,제주특별자치도 제주시 진군중길 2
jeju_do,제주도,제주특별자치도청,8,미나리,한식,15,5615000,374333,9,제주특별자치도 제주시 삼무로11길 34
jeju_do,제주도,제주특별자치도청,9,민재네황태전문점,"해물,생선",14,2871000,205071,12,제주특별자치도 제주시 삼무로3길 10
jeju_do,제주도,제주특별자치도청,10,늘봄흑돼지,삼겹살,14,2540000,181429,12,제주특별자치도 제주시 한라대학로 12
jeju_si_all,제주시,제주도청·제주시청,1,제주썬 호텔,호텔,51,15941900,312586,10,제주 제주시 삼무로 67
jeju_si_all,제주시,제주도청·제주시청,2,한라,"수목원,식물원",31,4417000,142484,29,제주 제주시 수목원길 72
jeju_si_all,제주시,제주도청·제주시청,3,메로,한식,26,3642000,140077,24,제주 제주시 광양13길 34
jeju_si_all,제주시,제주도청·제주시청,4,포도원흑돼지,"육류,고기",26,7266000,279462,16,제주 제주시 수목원길 51
jeju_si_all,제주시,제주도청·제주시청,5,오렌찌,일본식주점,25,3608000,144320,20,제주 제주시 동광로6길 10
jeju_si_all,제주시,제주도청·제주시청,6,춘하추동,해장국,22,4274000,194273,19,제주 제주시 애월읍 천덕로 440-17
jeju_si_all,제주시,제주도청·제주시청,7,피자알볼로 제주점,피자알볼로,22,4686700,213032,11,제주 제주시 승천로 53
jeju_si_all,제주시,제주도청·제주시청,8,신제주그랜드,하얏트호텔,21,5699000,271381,18,제주 제주시 노연로 12
jeju_si_all,제주시,제주도청·제주시청,9,스토브온제주,피자,21,2353000,112048,6,제주 제주시 한림읍 중산간서로 4062
jeju_si_all,제주시,제주도청·제주시청,10,만부정,복어,19,4753000,250158,11,제주 제주시 사장길 38
jeongeup,정읍시,정읍시청,1,옥돌생고기,"육류,고기",24,9774500,407271,20,전북특별자치도 정읍시 명륜길 15-7
jeongeup,정읍시,정읍시청,2,바다쌈밥,쌈밥,18,1417000,78722,13,전북특별자치도 정읍시 청수3길 25-1
jeongeup,정읍시,정읍시청,3,솔가숯불갈비,갈비,17,5049500,297029,13,전북특별자치도 정읍시 벚꽃로 537-5
jeongeup,정읍시,정읍시청,4,반가워회관,한식,16,1526000,95375,14,전북특별자치도 정읍시 중앙3길 15
jeongeup,정읍시,정읍시청,5,마리서사,양식,15,1394000,92933,11,전북특별자치도 정읍시 수성택지4길 20-12
jeongeup,정읍시,정읍시청,6,별미해물마을,"해물,생선",15,1669000,111267,10,전북특별자치도 정읍시 중앙2길 9
jeongeup,정읍시,정읍시청,7,제주숯불갈비,갈비,13,2448000,188308,11,전북특별자치도 정읍시 상사5길 8
jeongeup,정읍시,정읍시청,8,마니머거도돼지,"육류,고기",12,4666900,388908,11,전북특별자치도 정읍시 수성택지4길 12-21
jeongeup,정읍시,정읍시청,9,모심회관,한식,12,1461000,121750,11,전북특별자치도 정읍시 중앙2길 46
jeongeup,정읍시,정읍시청,10,정읍떡갈비,갈비,11,4975000,452273,11,전북특별자치도 정읍시 수성로 85-1
jeongseon,정선군,정선군청,1,바우골,"육류,고기",97,35879000,369887,43,강원특별자치도 정선군 정선읍 봉양5길 32-1
jeongseon,정선군,정선군청,2,짐포리식당,"매운탕,해물탕",35,4924000,140686,24,강원특별자치도 정선군 정선읍 세대길 234
jeongseon,정선군,정선군청,3,칭칭차이나,중국요리,29,11037000,380586,21,강원특별자치도 정선군 정선읍 봉양5길 34
jeongseon,정선군,정선군청,4,도봉산갈비 정선점,갈비,26,11939000,459192,20,강원특별자치도 정선군 정선읍 봉양7길 3
jeongseon,정선군,정선군청,5,여기가좋겠네,한식,19,5606000,295053,14,강원특별자치도 정선군 정선읍 비봉로 17
jeongseon,정선군,정선군청,6,산마실,한식,18,2988000,166000,13,강원특별자치도 정선군 정선읍 정선로 1368
jeongseon,정선군,정선군청,7,봉우네,한식,18,3901000,216722,12,강원특별자치도 정선군 정선읍 5일장길 23-4
jeongseon,정선군,정선군청,8,현대식당,갈비,16,5695000,355938,14,강원특별자치도 정선군 정선읍 봉양5길 40-5
jeongseon,정선군,정선군청,9,정선면옥,국수,16,6223000,388938,12,강원특별자치도 정선군 정선읍 봉양5길 35
jeongseon,정선군,정선군청,10,윤가네,한식,15,1732000,115467,12,강원특별자치도 정선군 정선읍 정선로 1337-1
jeonju_city,전주시,전주시청,1,큰가마,"육류,고기",9,1159000,128778,3,전북 전주시 완산구 노송광장로 46
jeonju_city,전주시,전주시청,2,연와미당,갈비,9,712009,79112,2,전북 전주시 완산구 백제대로 128
jeonju_city,전주시,전주시청,3,백송회관,한식,7,2077000,296714,3,전북 전주시 완산구 기린대로 177
jeonju_city,전주시,전주시청,4,청보리민물장어,장어,6,393000,65500,4,전북 전주시 완산구 거마평로 171-5
jeonju_city,전주시,전주시청,5,그때산집,복어,5,420000,84000,2,전북 전주시 완산구 태평5길 13-4
jeonju_city,전주시,전주시청,6,편백나무밑에서 노는닭,닭요리,4,380000,95000,3,전북 전주시 완산구 공북로 82
jeonju_city,전주시,전주시청,7,김판쇠 전주우족탕,한식,4,300000,75000,3,전북 전주시 덕진구 태진로 132
jeonju_city,전주시,전주시청,8,어은골쌍다리회관,한식,4,265000,66250,3,전북 전주시 덕진구 어은골2길 13
jeonju_city,전주시,전주시청,9,효자한우,"육류,고기",4,979000,244750,2,전북 전주시 완산구 홍산북로 17-5
jeonju_city,전주시,전주시청,10,만남의집,오리,4,748000,187000,2,전북 전주시 완산구 서학로 28-1
jeungpyeong,증평군,증평군청,1,어멍솥밥,한식,43,3922000,91209,20,충북 증평군 증평읍 초중5길 10
jeungpyeong,증평군,증평군청,2,황제시래기명태조림,"해물,생선",28,2731000,97536,13,충북 증평군 증평읍 인삼로 75
jeungpyeong,증평군,증평군청,3,송산골,오리,26,5783000,222423,13,충북 증평군 증평읍 송티로 36
jeungpyeong,증평군,증평군청,4,다도횟집,회,19,1777000,93526,12,충북 증평군 증평읍 송산로1길 17-1
jeungpyeong,증평군,증평군청,5,은우네짜글이,"찌개,전골",18,1940000,107778,10,충북 증평군 증평읍 삼일로11길 23
jeungpyeong,증평군,증평군청,6,삼남매,"육류,고기",17,1929000,113471,10,충북 증평군 증평읍 충청대로 1758
jeungpyeong,증평군,증평군청,7,장금이손두부,한식,16,1645000,102812,12,충북 증평군 증평읍 초중9길 27
jeungpyeong,증평군,증평군청,8,전주콩나물해장국,해장국,15,706100,47073,10,충북 증평군 증평읍 윗장뜰길 59
jeungpyeong,증평군,증평군청,9,해성,한식,13,2232000,171692,13,충북 증평군 증평읍 충청대로 1603
jeungpyeong,증평군,증평군청,10,다경,"육류,고기",12,2682000,223500,10,충북 증평군 증평읍 삼보로 81
jincheon,진천군,진천군청,1,신용궁먹골,"육류,고기",29,6376000,219862,14,충북 진천군 진천읍 문화2길 25
jincheon,진천군,진천군청,2,청주왕족발,"족발,보쌈",25,9655000,386200,12,충북 진천군 진천읍 중앙서로 21
jincheon,진천군,진천군청,3,육정원,"육류,고기",20,5734000,286700,19,충북 진천군 진천읍 문덕1길 20
jincheon,진천군,진천군청,4,예원한정식,한정식,17,2538100,149300,17,충북 진천군 진천읍 문화4길 29
jincheon,진천군,진천군청,5,곤드레밥집,한식,17,1920000,112941,17,충북 진천군 진천읍 문화로 91-8
jincheon,진천군,진천군청,6,진천염소탕,"육류,고기",15,1008000,67200,12,충북 진천군 진천읍 금사로 141-6
jincheon,진천군,진천군청,7,한양오리,오리,13,4898000,376769,12,충북 진천군 진천읍 문화7길 20-1
jincheon,진천군,진천군청,8,보림한우,"육류,고기",11,3693800,335800,10,충북 진천군 진천읍 중앙동7길 20
jincheon,진천군,진천군청,9,원산대반점,중국요리,10,3780200,378020,10,충북 진천군 진천읍 중앙서로 69
jincheon,진천군,진천군청,10,보드레보쌈,"족발,보쌈",10,1772000,177200,9,충북 진천군 진천읍 진광로 69
jindo,진도군,진도군청,1,광주횟집,회,61,16239000,266213,8,전남광주통합특별시 진도군 군내면 녹진길 10-3
jindo,진도군,진도군청,2,쌈삼쌈,쌈밥,35,7182000,205200,11,전남광주통합특별시 진도군 진도읍 남동4길 7-38
jindo,진도군,진도군청,3,횟집서우담,회,32,9229000,288406,8,전남광주통합특별시 진도군 진도읍 남산로 130-46
jindo,진도군,진도군청,4,박가네왕갈비,갈비,28,4047000,144536,20,전남광주통합특별시 진도군 진도읍 남산로 133
jindo,진도군,진도군청,5,회타운,"해물,생선",24,3159800,131658,20,전남광주통합특별시 진도군 진도읍 남동1길 57-8
jindo,진도군,진도군청,6,연아식당,한식,23,3346000,145478,18,전남광주통합특별시 진도군 진도읍 남동1길 57-11
jindo,진도군,진도군청,7,이레식당,한식,22,3414000,155182,17,전남광주통합특별시 진도군 진도읍 철마길 4-1
jindo,진도군,진도군청,8,마실,한정식,22,5702000,259182,14,전남광주통합특별시 진도군 지산면 지산오류길 2
jindo,진도군,진도군청,9,묵은지,"육류,고기",20,4015000,200750,14,전남광주통합특별시 진도군 진도읍 남동1길 12-5
jindo,진도군,진도군청,10,수품어장,"해물,생선",18,2333000,129611,13,전남광주통합특별시 진도군 진도읍 남동1길 36
jinju,진주시,진주시청,1,돌담,"육류,고기",30,10441000,348033,22,경남 진주시 동진로107번길 8
jinju,진주시,진주시청,2,황제,한정식,17,5996000,352706,16,경남 진주시 모덕로96번길 8
jinju,진주시,진주시청,3,설향,한식,13,3866000,297385,13,경남 진주시 동진로 169
jinju,진주시,진주시청,4,건강한밥상,한식,9,1505000,167222,8,경남 진주시 금산면 월아산로 1941
jinju,진주시,진주시청,5,감나무집,오리,8,1881000,235125,7,경남 진주시 남강로 511-1
jinju,진주시,진주시청,6,은성식당,한식,8,2410000,301250,6,경남 진주시 지수면 지수로 470
jinju,진주시,진주시청,7,항아리,"족발,보쌈",7,3848000,549714,7,경남 진주시 강변길9번길 16
jinju,진주시,진주시청,8,청운,이발소,7,3494000,499143,6,경남 진주시 진주대로1144번길 5
jinju,진주시,진주시청,9,큰대평식당,한식,7,2158000,308286,4,경남 진주시 대평면 한들길22번길 3
jinju,진주시,진주시청,10,송화한정식,한정식,6,1638000,273000,6,경남 진주시 도동천로 82
jongno,종로구,종로구청,1,홍금식당,한식,75,3251000,43347,20,서울 종로구 지봉로 77-3
jongno,종로구,종로구청,2,광화문등심,"육류,고기",45,7310490,162455,40,서울 종로구 종로5길 34
jongno,종로구,종로구청,3,홍성원,중식,40,6108500,152712,38,서울 종로구 삼봉로 95
jongno,종로구,종로구청,4,베이징코야,중국요리,33,3995290,121069,24,서울 종로구 율곡로2길 25
jongno,종로구,종로구청,5,황씨네대가추어탕,추어,29,2125000,73276,26,서울 종로구 삼봉로 81
jongno,종로구,종로구청,6,이여곰탕,곰탕,29,1994200,68766,26,서울 종로구 율곡로4길 70
jongno,종로구,종로구청,7,한일관,한정식,29,3126100,107797,21,서울 종로구 종로1길 50
jongno,종로구,종로구청,8,장원갈비,갈비,28,3608000,128857,25,서울 종로구 지봉로 53
jongno,종로구,종로구청,9,오수 별채,두부전문점,26,1698000,65308,22,서울 종로구 인사동8길 12-1
jongno,종로구,종로구청,10,구름산추어탕,추어,25,1539000,61560,24,서울 종로구 종로5길 58
junggu,서울 중구,서울 중구청,1,성원푸드몰,한식뷔페,79,5453700,69034,56,서울 중구 퇴계로 211-3
junggu,서울 중구,서울 중구청,2,오장갈비,갈비,53,7042000,132868,40,서울 중구 마른내로 109
junggu,서울 중구,서울 중구청,3,온의미반,한식,38,2517500,66250,34,서울 중구 퇴계로 210-27
junggu,서울 중구,서울 중구청,4,황토골,"육류,고기",36,3025640,84046,31,서울 중구 서애로 6-1
junggu,서울 중구,서울 중구청,5,조방낙지,"해물,생선",33,4278170,129642,26,서울 중구 마른내로 167-36
junggu,서울 중구,서울 중구청,6,수학쌤김밥,분식,29,1393080,48037,28,서울 중구 창경궁로1길 6-17
junggu,서울 중구,서울 중구청,7,옥된장 충무로역점,옥된장,28,2266800,80957,25,서울 중구 퇴계로44길 34
junggu,서울 중구,서울 중구청,8,수잔나의앞치마,카페,27,1399200,51822,17,서울 중구 퇴계로49길 24
junggu,서울 중구,서울 중구청,9,만다리,중국요리,24,2215500,92312,13,서울 중구 다산로22길 17
junggu,서울 중구,서울 중구청,10,춘천막국수,국수,22,1684000,76545,19,서울 중구 다산로10길 6
jungnang,중랑구,중랑구청,1,낙지플러스,한식,59,2997240,50801,29,서울 중랑구 봉화산로 194
jungnang,중랑구,중랑구청,2,마레,양식,57,5377280,94338,43,서울 중랑구 용마산로129길 61
jungnang,중랑구,중랑구청,3,태능가든,갈비,54,7179000,132944,47,서울 중랑구 신내로14길 13
jungnang,중랑구,중랑구청,4,항구도시레드,"매운탕,해물탕",53,5061000,95491,39,서울 중랑구 봉화산로 194
jungnang,중랑구,중랑구청,5,이종구낙지세상,"해물,생선",46,3359900,73041,40,서울 중랑구 봉화산로52길 65
jungnang,중랑구,중랑구청,6,대교참치,참치회,44,5783300,131439,33,서울 중랑구 용마산로129나길 3
jungnang,중랑구,중랑구청,7,두미가,두부전문점,40,2911600,72790,35,서울 중랑구 신내로10길 29
jungnang,중랑구,중랑구청,8,원할머니보쌈,원할머니보쌈족발,38,2874500,75645,34,서울 중랑구 봉화산로56길 25
jungnang,중랑구,중랑구청,9,스시혼,"초밥,롤",36,2543000,70639,31,서울 중랑구 신내로 50
jungnang,중랑구,중랑구청,10,도가전통왕순대,순대,30,2459800,81993,25,서울 중랑구 봉화산로 189
mapo_gu,마포구,마포구청,1,고기식당도야지,"육류,고기",53,8942600,168728,30,서울 마포구 모래내로1길 20
mapo_gu,마포구,마포구청,2,위아더,카페,22,1153500,52432,15,서울 마포구 월드컵로34길 6
mapo_gu,마포구,마포구청,3,동동,전통찻집,20,1292500,64625,9,서울 마포구 동교로38안길 11
mapo_gu,마포구,마포구청,4,춘향골남원추어탕,춘향골남원추어탕,15,1621000,108067,11,서울 마포구 서강로 137-7
mapo_gu,마포구,마포구청,5,성산회관,한식,13,1561000,120077,11,서울 마포구 월드컵북로 210
mapo_gu,마포구,마포구청,6,보리,"해물,생선",12,1939000,161583,11,서울 마포구 방울내로7길 5
mapo_gu,마포구,마포구청,7,속초착한코다리,"해물,생선",12,1596000,133000,9,서울 마포구 독막로26길 6
mapo_gu,마포구,마포구청,8,지호한방삼계탕,지호한방삼계탕,11,1515000,137727,9,서울 마포구 월드컵로 31
mapo_gu,마포구,마포구청,9,드럼통숯불고깃집,"육류,고기",11,1521000,138273,8,서울 마포구 월드컵로34길 8
mapo_gu,마포구,마포구청,10,목포낙지마을,"해물,생선",10,898000,89800,9,서울 마포구 월드컵로32길 11
michuhol,미추홀구,미추홀구청,1,명품삼계탕,삼계탕,43,5957420,138545,37,인천 미추홀구 독정이로 112
michuhol,미추홀구,미추홀구청,2,새우물식당,"육류,고기",28,2593000,92607,25,인천 미추홀구 미추로19번길 14
michuhol,미추홀구,미추홀구청,3,숭의가든,"육류,고기",18,3360500,186694,17,인천 미추홀구 경인로88번길 10
michuhol,미추홀구,미추홀구청,4,대나무집,"육류,고기",18,2906000,161444,17,인천 미추홀구 독배로492번길 28
michuhol,미추홀구,미추홀구청,5,오늘은초밥데이,"초밥,롤",18,1537000,85389,15,인천 미추홀구 경인로 67
michuhol,미추홀구,미추홀구청,6,오리창고,오리,17,2565000,150882,17,인천 미추홀구 경인로42번길 12
michuhol,미추홀구,미추홀구청,7,대도가,"육류,고기",16,1856000,116000,13,인천 미추홀구 학익소로 49-40
michuhol,미추홀구,미추홀구청,8,엄지식당,한식,12,2821000,235083,12,인천 미추홀구 독정이로 102
michuhol,미추홀구,미추홀구청,9,한지붕 갈비 석바위역점,갈비,12,2368500,197375,10,인천 미추홀구 경인로 452
michuhol,미추홀구,미추홀구청,10,명가아구해물찜,아구,11,995000,90455,11,인천 미추홀구 미추로36번길 57
miryang,밀양시,밀양시청,1,사포뚝소,"육류,고기",20,4407000,220350,19,경남 밀양시 부북면 송포로 152-10
miryang,밀양시,밀양시청,2,수라간,한정식,20,5969900,298495,18,경남 밀양시 시청로1길 3
miryang,밀양시,밀양시청,3,삼수장군,오리,17,5528000,325176,15,경남 밀양시 터미널2길 11
miryang,밀양시,밀양시청,4,도드람,한식,16,2562000,160125,13,경남 밀양시 미리벌중앙로6길 26
miryang,밀양시,밀양시청,5,백송가든,한식,16,4776000,298500,12,경남 밀양시 시청로 23-1
miryang,밀양시,밀양시청,6,고향한우,"육류,고기",15,5031000,335400,12,경남 밀양시 시청로1길 17
miryang,밀양시,밀양시청,7,삼봉삼계탕,삼계탕,14,2179000,155643,13,경남 밀양시 시청서길 18-1
miryang,밀양시,밀양시청,8,천하왕소금구이,"육류,고기",13,3999000,307615,13,경남 밀양시 미리벌로2길 39
miryang,밀양시,밀양시청,9,길손,한식,13,1602200,123246,13,경남 밀양시 시청서길 20-23
miryang,밀양시,밀양시청,10,태화루,중국요리,13,5005000,385000,9,경남 밀양시 북성로 59
mokpo,목포시,목포시청,1,목포청원,회,18,1925000,106944,12,전남광주통합특별시 목포시 신촌로 34
mokpo,목포시,목포시청,2,한가네,장어,15,1520000,101333,7,전남광주통합특별시 목포시 원산로69번길 17-1
mokpo,목포시,목포시청,3,등대식육식당,"육류,고기",9,1651000,183444,8,전남광주통합특별시 목포시 산대로 78
mokpo,목포시,목포시청,4,다도해계절맛집,회,7,1610000,230000,5,전남광주통합특별시 목포시 장미로 3
mokpo,목포시,목포시청,5,대촌한우곰탕숯불갈비,갈비,7,1311000,187286,5,전남광주통합특별시 목포시 옥암로 173
mokpo,목포시,목포시청,6,믿음한우,정육점,7,1435750,205107,4,전남광주통합특별시 목포시 옥암로 143
mokpo,목포시,목포시청,7,떡갈비명가,갈비,6,500000,83333,3,전남광주통합특별시 목포시 양을로 123
mokpo,목포시,목포시청,8,굴다리쉼터,"해물,생선",4,285000,71250,4,전남광주통합특별시 목포시 평화로20번길 16
mokpo,목포시,목포시청,9,샘물바위섬,"해물,생선",4,497000,124250,3,전남광주통합특별시 목포시 용당로 75
mokpo,목포시,목포시청,10,일등한우식육식당,"육류,고기",3,848000,282667,3,전남광주통합특별시 목포시 평화로101번길 7
muan,무안군,무안군청,1,유성식당,정육점,10,3640400,364040,6,전남광주통합특별시 무안군 무안읍 무안중앙로 29
muan,무안군,무안군청,2,팽이섬,"해물,생선",8,2576000,322000,5,전남광주통합특별시 무안군 무안읍 성남1길 163
muan,무안군,무안군청,3,천년식당,한식,8,2216000,277000,5,전남광주통합특별시 무안군 무안읍 불무로 38-6
muan,무안군,무안군청,4,다미솔,한식,8,2463000,307875,3,전남광주통합특별시 무안군 운남면 운해로 588-1
muan,무안군,무안군청,5,어소2020,"육류,고기",6,1686400,281067,4,전남광주통합특별시 무안군 삼향읍 오룡2길 15
muan,무안군,무안군청,6,해제관,한식,6,1905000,317500,3,전남광주통합특별시 무안군 해제면 현해로 1672
muan,무안군,무안군청,7,유풍식육식당,"육류,고기",6,1797500,299583,3,전남광주통합특별시 무안군 삼향읍 남악3로 74
muan,무안군,무안군청,8,승달가든,"육류,고기",5,1957000,391400,4,전남광주통합특별시 무안군 무안읍 면성2길 27
muan,무안군,무안군청,9,일로대패삼겹살,삼겹살,5,1330000,266000,4,전남광주통합특별시 무안군 일로읍 삼일로 490
muan,무안군,무안군청,10,유수식육식당,"육류,고기",5,1708000,341600,3,전남광주통합특별시 무안군 무안읍 무안중앙로 32
mungyeong,문경시,문경시청,1,청록,갈비,55,14278000,259600,29,경북 문경시 당교7길 13
mungyeong,문경시,문경시청,2,문경약돌돼지매봉산,한식,30,9037000,301233,21,경북 문경시 매봉1길 7
mungyeong,문경시,문경시청,3,새벽종,한정식,30,6349000,211633,17,경북 문경시 중앙8길 18-1
mungyeong,문경시,문경시청,4,복터진집,복어,20,3844900,192245,14,경북 문경시 돈달로 20
mungyeong,문경시,문경시청,5,늘푸른산정,한식,20,5061000,253050,13,경북 문경시 신흥5길 9
mungyeong,문경시,문경시청,6,동막골,한식,19,2921000,153737,13,경북 문경시 매봉6길 3-10
mungyeong,문경시,문경시청,7,김식당,"육류,고기",18,6315000,350833,11,경북 문경시 중앙로 7
mungyeong,문경시,문경시청,8,소미정,"육류,고기",18,4655000,258611,10,경북 문경시 당교3길 33-12
mungyeong,문경시,문경시청,9,희락복어,복어,17,3957000,232765,14,경북 문경시 반쟁이5길 22
mungyeong,문경시,문경시청,10,문경약돌돼지 구이가,"육류,고기",16,4336000,271000,5,경북 문경시 당교1길 24
naju,나주시,나주시청,1,영일복집,복어,36,5384600,149572,27,전남광주통합특별시 나주시 영산3길 22
naju,나주시,나주시청,2,청담,일식,31,6596000,212774,19,전남광주통합특별시 나주시 배멧2길 13
naju,나주시,나주시청,3,송월백년 한우,"육류,고기",31,4462000,143935,15,전남광주통합특별시 나주시 송월4길 15
naju,나주시,나주시청,4,천지회관,"육류,고기",29,4712750,162509,19,전남광주통합특별시 나주시 시청길 15-12
naju,나주시,나주시청,5,송리산,갈비,29,4115000,141897,19,전남광주통합특별시 나주시 빛가람로 19
naju,나주시,나주시청,6,송죽한우촌,"육류,고기",29,2890000,99655,9,전남광주통합특별시 나주시 세지면 화탑길 34-4
naju,나주시,나주시청,7,해마루,회,28,2626000,93786,20,전남광주통합특별시 나주시 도민길 23-13
naju,나주시,나주시청,8,이화원,중국요리,27,5406000,200222,21,전남광주통합특별시 나주시 상야1길 20
naju,나주시,나주시청,9,찜과구이,"해물,생선",26,3351000,128885,19,전남광주통합특별시 나주시 금성길 51
naju,나주시,나주시청,10,고향식당,"육류,고기",25,4628000,185120,21,전남광주통합특별시 나주시 금영로 22
namdong,남동구,남동구청,1,더레스트,이탈리안,175,20188800,115365,39,인천 남동구 소래로 636
namdong,남동구,남동구청,2,유달산,"해물,생선",169,19474000,115231,68,인천 남동구 인주대로 836
namdong,남동구,남동구청,3,용기포,회,164,23776000,144976,57,인천 남동구 장승로 4
namdong,남동구,남동구청,4,만수불향쭈꾸미,"해물,생선",138,10040000,72754,54,인천 남동구 장승로 5
namdong,남동구,남동구청,5,포청천부,중국요리,128,10121900,79077,44,인천 남동구 소래로 644-1
namdong,남동구,남동구청,6,정정당당,김치판매,105,17845000,169952,28,인천 남동구 은봉로 51
namdong,남동구,남동구청,7,막끌리네,술집,100,27590500,275905,11,인천 남동구 인주대로681번길 8
namdong,남동구,남동구청,8,이화찹쌀순대,순대,88,6793000,77193,31,인천 남동구 장승로 88
namdong,남동구,남동구청,9,모심갈비,갈비,82,20558000,250707,17,인천 남동구 용천로97번길 3
namdong,남동구,남동구청,10,삼대째손두부,두부전문점,76,6121000,80539,42,인천 남동구 인주대로 837-1
namhae,남해군,남해군청,1,명가,회,65,11236000,172862,41,경남 남해군 삼동면 동부대로 1053
namhae,남해군,남해군청,2,효야네삼계탕,삼계탕,46,5595000,121630,29,경남 남해군 남해읍 망운로9번길 1
namhae,남해군,남해군청,3,초량정,쌈밥,38,5006000,131737,28,경남 남해군 남해읍 화전로38번길 28-4
namhae,남해군,남해군청,4,가천숯불갈비,갈비,37,12121000,327595,29,경남 남해군 남해읍 화전로 65-3
namhae,남해군,남해군청,5,더 행복미소,한식,35,10185800,291023,27,경남 남해군 남해읍 화전로59번길 6-4
namhae,남해군,남해군청,6,계절별미,한식,34,8391000,246794,22,경남 남해군 남해읍 망운로9번길 3
namhae,남해군,남해군청,7,미소담,"족발,보쌈",33,6502000,197030,27,경남 남해군 남해읍 화전로 152
namhae,남해군,남해군청,8,만복초밥,"초밥,롤",32,8018000,250562,24,경남 남해군 남해읍 화전로38번길 25-1
namhae,남해군,남해군청,9,신가네 맛집,한식,28,3794000,135500,20,경남 남해군 남해읍 화전로 40-1
namhae,남해군,남해군청,10,갱번횟집,회,27,7595000,281296,22,경남 남해군 남해읍 화전로 58
namwon,남원시,남원시청,1,인산인해,삼계탕,16,4767000,297938,13,전북특별자치도 남원시 시청동로 26
namwon,남원시,남원시청,2,남원다슬기탕,한식,14,1283000,91643,10,전북특별자치도 남원시 시청동로 38-3
namwon,남원시,남원시청,3,갯마을,회,12,2065000,172083,10,전북특별자치도 남원시 향단로 9
namwon,남원시,남원시청,4,최가네부대찌개,"찌개,전골",12,1176000,98000,4,전북특별자치도 남원시 시청동로 32-2
namwon,남원시,남원시청,5,빠끔사리&푸드,한식,10,1220000,122000,10,전북특별자치도 남원시 동헌길 80
namwon,남원시,남원시청,6,취홍객잔,중국요리,10,2929000,292900,6,전북특별자치도 남원시 큰들4길 33-4
namwon,남원시,남원시청,7,싸리터우족탕,설렁탕,10,793000,79300,6,전북특별자치도 남원시 충정로 166
namwon,남원시,남원시청,8,금성식당,한식,9,1517000,168556,8,전북특별자치도 남원시 전령길 38
namwon,남원시,남원시청,9,심원첫집,한식,9,1210000,134444,8,전북특별자치도 남원시 모정길 21-3
namwon,남원시,남원시청,10,산내음가든,오리,9,2177500,241944,6,전북특별자치도 남원시 요천로 1403
namyangju,남양주시,남양주시청,1,나능이,닭요리,54,6893000,127648,42,경기 남양주시 양정로 5
namyangju,남양주시,남양주시청,2,오가네아구찜,아구,52,5253000,101019,26,경기 남양주시 사릉로34번길 48
namyangju,남양주시,남양주시청,3,고모네원조콩탕,두부전문점,37,4168000,112649,34,경기 남양주시 진건읍 사릉로적성길 16
namyangju,남양주시,남양주시청,4,배갈비,갈비,36,7676500,213236,20,경기 남양주시 경춘로 1023
namyangju,남양주시,남양주시청,5,아리노마마,일식,34,7572500,222721,33,경기 남양주시 다산지금로36번길 21-6
namyangju,남양주시,남양주시청,6,홍천강다슬기,"해물,생선",34,3272000,96235,26,경기 남양주시 경춘로992번길 9
namyangju,남양주시,남양주시청,7,대촌한우곰탕,곰탕,29,5037560,173709,17,경기 남양주시 진관로 28
namyangju,남양주시,남양주시청,8,어랑손만두,한식,28,3874000,138357,24,경기 남양주시 경춘로 1084-25
namyangju,남양주시,남양주시청,9,부산복집,복어,26,4554820,175185,25,경기 남양주시 경춘로 980-6
namyangju,남양주시,남양주시청,10,우성추어탕,추어,26,2155000,82885,20,경기 남양주시 사릉로 41
nonsan,논산시,논산시청,1,염가네갈비김치찌개,"찌개,전골",22,2206000,100273,20,충남 논산시 시민로194번길 15
nonsan,논산시,논산시청,2,장수버섯마을,샤브샤브,20,3557500,177875,19,충남 논산시 시민로194번길 11-7
nonsan,논산시,논산시청,3,맷돌삼겹앤부대,삼겹살,17,3798000,223412,16,충남 논산시 시민로210번길 33
nonsan,논산시,논산시청,4,오복누룽지삼계탕,삼계탕,15,1343000,89533,13,충남 논산시 채운면 계백로 621
nonsan,논산시,논산시청,5,명가시골장터,한식,15,1014000,67600,12,충남 논산시 계백로 776-1
nonsan,논산시,논산시청,6,솔칼국수,음식점,15,1243000,82867,9,충남 논산시 시민로 357-2
nonsan,논산시,논산시청,7,메기명가,한식,15,1268600,84573,5,충남 논산시 채운면 채운로 109-4
nonsan,논산시,논산시청,8,예가원,오리,13,1838500,141423,12,충남 논산시 관촉로31번길 40-1
nonsan,논산시,논산시청,9,유가원,"육류,고기",12,1178000,98167,10,충남 논산시 계백로 795
nonsan,논산시,논산시청,10,먹골집,"사철탕,영양탕",12,2604000,217000,9,충남 논산시 중앙로 222
nowon,노원구,노원구청,1,항도,일식집,103,15924500,154607,75,서울 노원구 노해로75길 14-22
nowon,노원구,노원구청,2,북경,중국요리,75,12630700,168409,58,서울 노원구 동일로217가길 13
nowon,노원구,노원구청,3,씨즌서울 바이 홍신애,카페,66,16932750,256557,19,서울 노원구 덕릉로145길 108
nowon,노원구,노원구청,4,우정낙지,"해물,생선",47,6796400,144604,38,서울 노원구 동일로217가길 23
nowon,노원구,노원구청,5,썸머타이,태국음식,42,4546700,108255,35,서울 노원구 노해로75길 14-25
nowon,노원구,노원구청,6,동경1993,일식집,41,6744000,164488,25,서울 노원구 노해로75길 14-27
nowon,노원구,노원구청,7,참한우본가,"육류,고기",37,13117100,354516,24,서울 노원구 공릉로58가길 14
nowon,노원구,노원구청,8,예향정,한식,36,4078200,113283,30,서울 노원구 동일로217가길 31
nowon,노원구,노원구청,9,새싹보리밥,한식,35,3384000,96686,30,서울 노원구 동일로217길 58
nowon,노원구,노원구청,10,미꼬담 롯데노원점,한식,32,3779500,118109,30,서울 노원구 동일로 1414
okcheon,옥천군,옥천군청,1,소정마을,"해물,생선",39,3856000,98872,36,충북 옥천군 옥천읍 성왕로 1313-1
okcheon,옥천군,옥천군청,2,지선생쌈촌,쌈밥,29,3678000,126828,25,충북 옥천군 옥천읍 옥천로 1666-11
okcheon,옥천군,옥천군청,3,운향엉겅퀴흑염소,"사철탕,영양탕",28,2719000,97107,27,충북 옥천군 옥천읍 교동1길 38
okcheon,옥천군,옥천군청,4,와와초밥,"초밥,롤",28,2966000,105929,24,충북 옥천군 옥천읍 향수길 73
okcheon,옥천군,옥천군청,5,과수원가든,닭요리,25,2966000,118640,22,충북 옥천군 옥천읍 성왕로 1454
okcheon,옥천군,옥천군청,6,이모네식당,한식,24,3572000,148833,23,충북 옥천군 옥천읍 삼양로 86
okcheon,옥천군,옥천군청,7,북두칠성,추어,18,2180000,121111,15,충북 옥천군 옥천읍 지용로 236
okcheon,옥천군,옥천군청,8,경성만두,분식,17,1830000,107647,17,충북 옥천군 옥천읍 옥천로 1644
okcheon,옥천군,옥천군청,9,미가,한정식,17,2116000,124471,15,충북 옥천군 옥천읍 삼양로8길 8-1
okcheon,옥천군,옥천군청,10,먹골가마솥추어탕,추어,15,989000,65933,13,충북 옥천군 옥천읍 신기3길 4
ongjin,옹진군,옹진군청,1,황성얼큰오징어찌개,"해물,생선",59,7505000,127203,27,인천 미추홀구 아암대로107번길 13
ongjin,옹진군,옹진군청,2,차오팡,중국요리,53,12850670,242465,31,인천 미추홀구 용정공원로83번길 49
ongjin,옹진군,옹진군청,3,일품양평해장국,일품양평해장국,35,2253000,64371,16,인천 옹진군 백령면 백령로 308
ongjin,옹진군,옹진군청,4,리차이,중국요리,35,2160500,61729,15,인천 미추홀구 한나루로341번길 4
ongjin,옹진군,옹진군청,5,백령면옥,냉면,34,4956000,145765,24,인천 옹진군 백령면 백령로297번길 16
ongjin,옹진군,옹진군청,6,백령도메밀마을,냉면,34,5579000,164088,17,인천 미추홀구 석정로 226
ongjin,옹진군,옹진군청,7,정원가든,한식,33,4277000,129606,9,인천 옹진군 대청면 대청남로86번길 87
ongjin,옹진군,옹진군청,8,미락초밥,"초밥,롤",27,3928000,145481,25,인천 미추홀구 용정공원로83번길 49
ongjin,옹진군,옹진군청,9,오복식당,한식,25,3589000,143560,22,인천 옹진군 덕적면 덕적남로 52-1
ongjin,옹진군,옹진군청,10,원조벤뎅이,"해물,생선",25,4619000,184760,20,인천 제물포구 연안부두로 41-1
osan,오산시,오산시청,1,아구마을,아구,16,4036200,252262,6,경기 오산시 운암로 33
osan,오산시,오산시청,2,논산옛날집,한식,11,680000,61818,5,경기 오산시 운암로 37
osan,오산시,오산시청,3,오리향,오리,10,3453000,345300,5,경기 오산시 운천로 74
osan,오산시,오산시청,4,삼호,복어,8,1282000,160250,4,경기 오산시 운암로 33
osan,오산시,오산시청,5,초심,초심,7,1218700,174100,3,경기 오산시 오산로160번길 15
osan,오산시,오산시청,6,어해랑 왕코다리 오산,"해물,생선",7,675000,96429,2,경기 오산시 운천로 115
osan,오산시,오산시청,7,현대옥 오산운암점,전주현대옥,6,407000,67833,4,경기 오산시 운천로 62
osan,오산시,오산시청,8,한촌설렁탕2호점,한촌설렁탕,5,274000,54800,5,경기 오산시 운천로 71
osan,오산시,오산시청,9,귀례정,한식,5,531000,106200,4,경기 오산시 독산성로270번길 10
osan,오산시,오산시청,10,야들야들한보약족발,"족발,보쌈",5,467000,93400,4,경기 오산시 운암로 19
paju,파주시,파주시청,1,금촌곰탕,곰탕,76,7258500,95507,52,경기 파주시 문화로 38
paju,파주시,파주시청,2,존슨집,"찌개,전골",52,5850200,112504,37,경기 파주시 쇠재안길 32-11
paju,파주시,파주시청,3,도미노피자,도미노피자,47,7263210,154536,17,경기 파주시 경의로 1114
paju,파주시,파주시청,4,파주장단콩두부,두부전문점,45,5535000,123000,27,경기 파주시 월롱면 통일로 717
paju,파주시,파주시청,5,영희네포차,실내포장마차,37,2950000,79730,29,경기 파주시 동패로 115
paju,파주시,파주시청,6,도토미마을,"육류,고기",37,3522000,95189,21,경기 파주시 앞골길 230
paju,파주시,파주시청,7,미스터쿡부대찌개,"찌개,전골",35,2621000,74886,30,경기 파주시 문화로 38
paju,파주시,파주시청,8,그린테라스,양식,34,3722660,109490,26,경기 파주시 중앙로 263
paju,파주시,파주시청,9,태화루,중국요리,33,5218000,158121,25,경기 파주시 문화로 62
paju,파주시,파주시청,10,오실장 강남면옥,냉면,31,2419000,78032,26,경기 파주시 와석순환로515번길 81
pocheon,포천시,포천시청,1,이우철누룽지삼계탕,삼계탕,61,10884900,178441,50,경기 포천시 호병로 63
pocheon,포천시,포천시청,2,민추어탕,추어,56,7947200,141914,52,경기 포천시 중앙로 100
pocheon,포천시,포천시청,3,우리복집,복어,44,6477000,147205,33,경기 포천시 중앙로75번길 40
pocheon,포천시,포천시청,4,대박야식,야식,38,6557000,172553,32,경기 포천시 소흘읍 솔모루로50번길 11
pocheon,포천시,포천시청,5,갈비59,갈비,36,6269000,174139,32,경기 포천시 호병로 59
pocheon,포천시,포천시청,6,명품쌈밥,쌈밥,32,5015000,156719,32,경기 포천시 군내면 청성로 126
pocheon,포천시,포천시청,7,청산엄마네손두부,두부전문점,32,3856600,120519,32,경기 포천시 군내면 호국로 1553
pocheon,포천시,포천시청,8,자매쌈밥,쌈밥,32,4697000,146781,27,경기 포천시 신읍1길 6-3
pocheon,포천시,포천시청,9,미향,회,32,4460000,139375,26,경기 포천시 군내면 청군로 3424
pocheon,포천시,포천시청,10,벚골도토리막국수,국수,30,5971000,199033,20,경기 포천시 중앙로 63
pohang,포항시,포항시청,1,스시무라,"초밥,롤",88,19577640,222473,53,경북 포항시 남구 대이로 3
pohang,포항시,포항시청,2,어전일식,일식,73,9227000,126397,47,경북 포항시 남구 대이로15번길 7
pohang,포항시,포항시청,3,꼬꼬촌,닭요리,47,9802500,208564,35,경북 포항시 남구 대이로 80
pohang,포항시,포항시청,4,청담한우,"육류,고기",45,7361000,163578,24,경북 포항시 남구 대이로41번길 6
pohang,포항시,포항시청,5,청도한우갈비,갈비,43,13480700,313505,29,경북 포항시 남구 대이로59번길 6
pohang,포항시,포항시청,6,이노일식,일식집,41,9520000,232195,29,경북 포항시 남구 희망대로 839
pohang,포항시,포항시청,7,전복나라,"굴,전복",40,8067000,201675,31,경북 포항시 남구 희망대로 625
pohang,포항시,포항시청,8,신라식당,한식,36,6243000,173417,24,경북 포항시 북구 송라면 보경로 517
pohang,포항시,포항시청,9,큰바위가든,갈비,35,3136000,89600,26,경북 포항시 남구 대이로189번길 22-2
pohang,포항시,포항시청,10,송월한우숯불갈비,갈비,34,5630000,165588,27,경북 포항시 남구 중흥로 59
pyeongchang,평창군,평창군청,1,솔향 한정식,한정식,27,4495000,166481,22,강원특별자치도 평창군 평창읍 제방길 5
pyeongchang,평창군,평창군청,2,안정정육식당,"육류,고기",17,5236400,308024,10,강원특별자치도 평창군 평창읍 송학로 26
pyeongchang,평창군,평창군청,3,원미막국수,국수,14,2647000,189071,12,강원특별자치도 평창군 평창읍 하평길 39-5
pyeongchang,평창군,평창군청,4,보리밭,한식,13,3326000,255846,11,강원특별자치도 평창군 평창읍 백오로 118
pyeongchang,평창군,평창군청,5,송가네밥상,한식,13,1833000,141000,11,강원특별자치도 평창군 평창읍 문화길 42
pyeongchang,평창군,평창군청,6,넘버85가든,한식,12,1535000,127917,12,강원특별자치도 평창군 평창읍 노성로 225-19
pyeongchang,평창군,평창군청,7,느티나무가든,한식,12,1668000,139000,11,강원특별자치도 평창군 대관령면 경강로 5089
pyeongchang,평창군,평창군청,8,초원갈비,갈비,12,4525000,377083,9,강원특별자치도 평창군 평창읍 백오로 124
pyeongchang,평창군,평창군청,9,삼성회관,한식,12,2360000,196667,9,강원특별자치도 평창군 평창읍 백오로 32
pyeongchang,평창군,평창군청,10,다은88숯불갈비,갈비,11,4196000,381455,11,강원특별자치도 평창군 평창읍 노산성길 25-6
pyeongtaek,평택시,평택시청,1,무이네,디저트카페,68,3148560,46302,41,경기 평택시 비전9길 36-1
pyeongtaek,평택시,평택시청,2,탐라바당,한식,44,6313000,143477,36,경기 평택시 중앙2로 141
pyeongtaek,평택시,평택시청,3,이엔차이나,중국요리,44,6074000,138045,34,경기 평택시 평택5로 80
pyeongtaek,평택시,평택시청,4,개나리식당,"육류,고기",40,4225000,105625,34,경기 평택시 평택5로 78
pyeongtaek,평택시,평택시청,5,개성집,"해물,생선",33,4725000,143182,31,경기 평택시 무지개공원2길 5
pyeongtaek,평택시,평택시청,6,마니국밥,국밥,31,2147000,69258,29,경기 평택시 평남로 706
pyeongtaek,평택시,평택시청,7,제물국수,국수,30,3154000,105133,28,경기 평택시 평남로 647
pyeongtaek,평택시,평택시청,8,미강한정식,한정식,29,4247000,146448,23,경기 평택시 조개터로2번길 64
pyeongtaek,평택시,평택시청,9,솔가숯불갈비함흥냉면평택비전점,갈비,29,4329500,149293,20,경기 평택시 평택5로 82
pyeongtaek,평택시,평택시청,10,딸부자고추장삼겹살,삼겹살,28,2656000,94857,17,경기 평택시 평택5로 79
sacheon,사천시,사천시청,1,초목,한정식,31,6485000,209194,18,경남 사천시 벌리한들길 15
sacheon,사천시,사천시청,2,미풍돼지갈비,"육류,고기",19,4565000,240263,14,경남 사천시 사천읍 무산로 7
sacheon,사천시,사천시청,3,청마루,한식,18,4031000,223944,15,경남 사천시 용현면 선진공원길 492-20
sacheon,사천시,사천시청,4,종포풍경,한식,17,2601000,153000,13,경남 사천시 용현면 종포길 246
sacheon,사천시,사천시청,5,다올한정식,한정식,16,3244000,202750,13,경남 사천시 사천읍 무산로 24
sacheon,사천시,사천시청,6,인성한우식육식당,"육류,고기",16,5896000,368500,10,경남 사천시 정동면 진삼로 1434
sacheon,사천시,사천시청,7,흰내가든,닭요리,14,1968000,140571,12,경남 사천시 백천길 52-9
sacheon,사천시,사천시청,8,아리랑,갈비,13,3468100,266777,12,경남 사천시 사천읍 사주길 41-12
sacheon,사천시,사천시청,9,사계절,"육류,고기",13,1882000,144769,11,경남 사천시 진삼로 99
sacheon,사천시,사천시청,10,시골마당,한식,12,1585000,132083,11,경남 사천시 용현면 진삼로 541
samcheok,삼척시,삼척시청,1,감나무,한정식,20,4683800,234190,19,강원특별자치도 삼척시 대학로 74-7
samcheok,삼척시,삼척시청,2,해담,한식,18,7074000,393000,12,강원특별자치도 삼척시 중앙로 245
samcheok,삼척시,삼척시청,3,미호식당,한식,15,8727000,581800,11,강원특별자치도 삼척시 남양길 33
samcheok,삼척시,삼척시청,4,엄마손한우,"육류,고기",14,8511000,607929,11,강원특별자치도 삼척시 중앙시장1길 18
samcheok,삼척시,삼척시청,5,삼거리식당,"육류,고기",14,3999000,285643,11,강원특별자치도 삼척시 새천년도로 15
samcheok,삼척시,삼척시청,6,일미어담,"해물,생선",11,4327000,393364,11,강원특별자치도 삼척시 테마타운길 19
samcheok,삼척시,삼척시청,7,더육향,한식,9,2562000,284667,9,강원특별자치도 삼척시 새천년도로 32
samcheok,삼척시,삼척시청,8,소나무집,"육류,고기",9,7275000,808333,8,강원특별자치도 삼척시 중앙로 178
samcheok,삼척시,삼척시청,9,삼정,"해물,생선",9,2008000,223111,8,강원특별자치도 삼척시 새천년도로 30
samcheok,삼척시,삼척시청,10,월드한우구이촌,"육류,고기",8,2410800,301350,6,강원특별자치도 삼척시 청석로3길 15
sancheong,산청군,산청군청,1,일송횟집,회,15,2696000,179733,9,경남 산청군 산청읍 꽃봉산로91번길 15
sancheong,산청군,산청군청,2,장안식당,"육류,고기",14,4822000,344429,8,경남 산청군 산청읍 꽃봉산로91번길 26-4
sancheong,산청군,산청군청,3,춘산식당,한정식,13,2662000,204769,9,경남 산청군 금서면 친환경로2605번길 6-8
sancheong,산청군,산청군청,4,산들가든,오리,11,1276000,116000,8,경남 산청군 산청읍 웅석봉로86번길 9-2
sancheong,산청군,산청군청,5,불로식육식당,"육류,고기",8,2699000,337375,6,경남 산청군 산청읍 산엔청로 30-4
sancheong,산청군,산청군청,6,대웅식육식당,"육류,고기",6,1643000,273833,2,경남 산청군 산청읍 웅석봉로 18
sancheong,산청군,산청군청,7,산청한우숯불,"육류,고기",5,1760000,352000,3,경남 산청군 산청읍 꽃봉산로 122
sancheong,산청군,산청군청,8,막썰이회센타,회,4,486000,121500,3,경남 산청군 산청읍 친환경로2720번길 106-36
sancheong,산청군,산청군청,9,산청엔흑돼지,"육류,고기",3,824000,274667,3,경남 산청군 산청읍 꽃봉산로 115
sancheong,산청군,산청군청,10,초야식육식당,한식,3,583000,194333,3,경남 산청군 산청읍 중앙로2번길 30
sangju,상주시,상주시청,1,수라간,한정식,16,5040000,315000,4,경북 상주시 상서문3길 119
sangju,상주시,상주시청,2,상산관,한식,11,5583000,507545,4,경북 상주시 경상대로 3032
sangju,상주시,상주시청,3,루안,중국요리,10,3330500,333050,3,경북 상주시 중앙로 177-7
sangju,상주시,상주시청,4,감포복집,복어,6,1106000,184333,4,경북 상주시 중앙로 177-21
sangju,상주시,상주시청,5,태평양횟집,회,5,2418000,483600,4,경북 상주시 동문1길 24
sangju,상주시,상주시청,6,소선정,한식,5,1017000,203400,4,경북 상주시 개운2길 19-1
sangju,상주시,상주시청,7,한우향,"육류,고기",5,1173000,234600,3,경북 상주시 남성1길 66
sangju,상주시,상주시청,8,동태애반하다,"매운탕,해물탕",5,856000,171200,2,경북 상주시 새동마길 17
sangju,상주시,상주시청,9,도미노피자,도미노피자,4,838090,209522,2,경북 상주시 삼백로 120
sangju,상주시,상주시청,10,여고앞삼겹살,삼겹살,3,1002000,334000,3,경북 상주시 삼백로 322
sc2025,서초구,서초구청,1,난랑 서초점,중국요리,29,5077700,175093,,서울 서초구 서운로 32 (서초동)
sc2025,서초구,서초구청,2,햇쌀마루,한식·디저트,24,2451404,102142,,서울 서초구 서운로 22 (서초동)
sc2025,서초구,서초구청,3,별난횟집,회·해산물,18,2763100,153506,,서울 서초구 강남대로 224 양재 한신휴플러스 (양재동)
sc2025,서초구,서초구청,4,한신칼국수,칼국수,18,439000,24389,,서울 서초구 신반포로 27-6 (반포동)
sc2025,서초구,서초구청,5,늘봄카페 양재도서관점,카페,17,2110140,124126,,서울 서초구 양재천로 33 (양재동)
sc2025,서초구,서초구청,6,누룩목 양재본점,한식,14,1725700,123264,,서울 서초구 강남대로43길 11 (서초동)
sc2025,서초구,서초구청,7,우사기,일식,14,1616780,115484,,서울 서초구 (관내)
sc2025,서초구,서초구청,8,강촌원조쭈꾸미,쭈꾸미·한식,13,1345400,103492,,서울 서초구 (관내)
sc2025,서초구,서초구청,9,금강수림,한정식·중식,11,1570000,142727,,서울 서초구 (관내)
sc2025,서초구,서초구청,10,제제 양재점,한식·다이닝,11,2228200,202564,,서울 서초구 (양재동)
sejong_city,세종특별자치시,세종특별자치시청,1,이응갈비,갈비,99,14808500,149581,16,세종특별자치시 시청대로 167
sejong_city,세종특별자치시,세종특별자치시청,2,사키,일식,96,8353000,87010,14,세종특별자치시 호려울로 19
sejong_city,세종특별자치시,세종특별자치시청,3,내토 왕코다리,"해물,생선",81,6132100,75705,12,세종특별자치시 한누리대로 2143
sejong_city,세종특별자치시,세종특별자치시청,4,궁궐,한식,70,7138000,101971,14,세종특별자치시 시청대로 209
sejong_city,세종특별자치시,세종특별자치시청,5,연남솥밥,한식,58,4483500,77302,12,세종특별자치시 마음로 239
sejong_city,세종특별자치시,세종특별자치시청,6,저림숙성그릴,"육류,고기",57,6753000,118474,13,세종특별자치시 보듬3로 8-27
sejong_city,세종특별자치시,세종특별자치시청,7,함흥면옥,냉면,56,3901000,69661,12,세종특별자치시 한누리대로 2144
sejong_city,세종특별자치시,세종특별자치시청,8,미옥,한식,50,3006000,60120,12,세종특별자치시 한누리대로 2144
sejong_city,세종특별자치시,세종특별자치시청,9,수미가찌개전문점,"찌개,전골",44,2764500,62830,12,세종특별자치시 절재로 194
sejong_city,세종특별자치시,세종특별자치시청,10,밀마루,전망대,42,2570000,61190,12,세종특별자치시 도움3로 58
seodaemun,서대문구,서대문구청,1,연희화로,갈비,242,38110000,157479,12,서울 서대문구 모래내로 376
seodaemun,서대문구,서대문구청,2,서대문아구찜,아구,146,20083000,137555,12,서울 서대문구 연희로 271
seodaemun,서대문구,서대문구청,3,삼정모밀,국수,130,12779000,98300,11,서울 서대문구 모래내로 376-7
seodaemun,서대문구,서대문구청,4,오계절남원추어탕,추어,128,16644000,130031,12,서울 서대문구 연희로 267
seodaemun,서대문구,서대문구청,5,일화성,중국요리,111,15285000,137703,11,서울 서대문구 연희로36길 26
seodaemun,서대문구,서대문구청,6,선수사,일식집,108,15304000,141704,12,서울 서대문구 연희로 177
seodaemun,서대문구,서대문구청,7,작은부엌앤,도시락,103,15405000,149563,12,서울 서대문구 연희로 267
seodaemun,서대문구,서대문구청,8,고미정,한정식,103,14336000,139184,12,서울 서대문구 연희로26길 28
seodaemun,서대문구,서대문구청,9,홍은나루터,"육류,고기",90,13788100,153201,11,서울 서대문구 연희로 261
seodaemun,서대문구,서대문구청,10,알레스구떼,"제과,베이커리",71,6317300,88976,12,서울 서대문구 연희로26길 4
seogwipo_all,서귀포시,제주도청·서귀포시청,1,황금부엌,한정식,37,5377000,145324,30,제주 서귀포시 솜반천로14번길 4
seogwipo_all,서귀포시,제주도청·서귀포시청,2,송화촌,한식,26,6757000,259885,22,제주 서귀포시 솜반천로43번길 4
seogwipo_all,서귀포시,제주도청·서귀포시청,3,풍천연가풍천장어참숯구이,장어,21,4534000,215905,18,제주 서귀포시 중앙로 104
seogwipo_all,서귀포시,제주도청·서귀포시청,4,수진돌솥밥,한식,19,4942000,260105,18,제주 서귀포시 중앙로62번길 4
seogwipo_all,서귀포시,제주도청·서귀포시청,5,진국옹기설렁탕,설렁탕,19,4603000,242263,16,제주 서귀포시 중앙로79번길 10
seogwipo_all,서귀포시,제주도청·서귀포시청,6,영빈횟집,회,19,6762000,355895,14,제주 서귀포시 칠십리로 129
seogwipo_all,서귀포시,제주도청·서귀포시청,7,만복촌,음식점,17,2761000,162412,17,제주 서귀포시 서문로 48
seogwipo_all,서귀포시,제주도청·서귀포시청,8,미나리,삼겹살,17,5921000,348294,11,제주 서귀포시 태평로512번길 1-4
seogwipo_all,서귀포시,제주도청·서귀포시청,9,종명식당,"육류,고기",16,7506100,469131,14,제주 서귀포시 천지로 58
seogwipo_all,서귀포시,제주도청·서귀포시청,10,최남단식당,회,15,3358000,223867,14,제주 서귀포시 대정읍 최남단해안로 40
seongbuk,성북구,성북구청,1,작약,디저트카페,58,2178330,37557,45,서울 성북구 보문로32길 14
seongbuk,성북구,성북구청,2,가부,중국요리,47,4324200,92004,39,서울 성북구 보문로 182
seongbuk,성북구,성북구청,3,옛날불고기,"불고기,두루치기",42,3616000,86095,37,서울 성북구 고려대로5길 81
seongbuk,성북구,성북구청,4,오블롱,커피전문점,41,2250440,54889,23,서울 성북구 보문로 153
seongbuk,성북구,성북구청,5,한우설렁탕,설렁탕,36,3427000,95194,32,서울 성북구 삼선교로 85
seongbuk,성북구,성북구청,6,마늘과올리브,이탈리안,31,3340320,107752,28,서울 성북구 동소문로24길 26
seongbuk,성북구,성북구청,7,버거파크,햄버거,30,1296235,43208,25,서울 성북구 동소문로22길 56
seongbuk,성북구,성북구청,8,백만원 식당,한식,29,2548000,87862,25,서울 성북구 고려대로5길 75
seongbuk,성북구,성북구청,9,명동칼국수,명동칼국수,29,1980000,68276,24,서울 성북구 고려대로5길 87
seongbuk,성북구,성북구청,10,담장샤브,샤브샤브,28,2554300,91225,24,서울 성북구 고려대로7길 56-2
seongdong,성동구,성동구청,1,동막골,"해물,생선",46,3402270,73962,36,서울 성동구 고산자로 281
seongdong,성동구,성동구청,2,추선생,추어,39,2537500,65064,31,서울 성동구 무학로6길 50
seongdong,성동구,성동구청,3,금녕곰탕,곰탕,33,3875000,117424,28,서울 성동구 왕십리로20길 11
seongdong,성동구,성동구청,4,봉평골메밀막국수,국수,28,1886000,67357,23,서울 성동구 고산자로 284
seongdong,성동구,성동구청,5,이코플러스,슈퍼마켓,28,2243910,80140,22,서울 성동구 무학로6길 50
seongdong,성동구,성동구청,6,담쟁이,한식,25,2027000,81080,23,서울 성동구 왕십리로20길 11-1
seongdong,성동구,성동구청,7,반포식스,동남아음식,25,1617900,64716,23,서울 성동구 아차산로17길 49
seongdong,성동구,성동구청,8,청담동샤브,샤브샤브,24,1689200,70383,22,서울 성동구 뚝섬로11길 15
seongdong,성동구,성동구청,9,삼겹살앤낙지,삼겹살,24,4145400,172725,17,서울 성동구 마장로27길 2
seongdong,성동구,성동구청,10,다현,의류판매,23,1228000,53391,19,서울 성동구 금호산14길 5-1
seongju,성주군,성주군청,1,묵이랑밥이랑,한식,37,8772000,237081,13,경북 성주군 성주읍 성밖숲길 5
seongju,성주군,성주군청,2,명가복어,복어,36,9459000,262750,15,경북 성주군 성주읍 성밖숲길 15
seongju,성주군,성주군청,3,삼돌이식당,한식,36,8946000,248500,13,경북 성주군 성주읍 주천로 11
seongju,성주군,성주군청,4,감골식당,한정식,33,7492000,227030,14,경북 성주군 성주읍 경산길 9-3
seongju,성주군,성주군청,5,성밖수반애,한정식,28,3707000,132393,9,경북 성주군 성주읍 경산2길 51
seongju,성주군,성주군청,6,충무회식당,회,23,7097000,308565,11,경북 성주군 성주읍 성주순환로 236
seongju,성주군,성주군청,7,영주소백산한우,"육류,고기",22,5335000,242500,12,경북 성주군 성주읍 성주순환로 168
seongju,성주군,성주군청,8,복돼지닭갈비,한식,20,3783000,189150,9,경북 성주군 성주읍 본성로 1038-21
seongju,성주군,성주군청,9,만수전복,"굴,전복",19,4389000,231000,13,경북 성주군 선남면 관화길 92-7
seongju,성주군,성주군청,10,금산식육식당,"육류,고기",19,3826000,201368,13,경북 성주군 성주읍 성주읍4길 48-1
seosan,서산시,서산시청,1,동양식당,"육류,고기",28,9008000,321714,20,충남 서산시 고운로 166-4
seosan,서산시,서산시청,2,가야관,"육류,고기",24,11527600,480317,20,충남 서산시 명륜3길 24-35
seosan,서산시,서산시청,3,옛맛식당,한식,19,6416000,337684,17,충남 서산시 동헌로 138
seosan,서산시,서산시청,4,삼해김식품,식품판매,15,3876000,258400,13,충남 서산시 관아문길 21
seosan,서산시,서산시청,5,부러진 밥상,한식,13,4601000,353923,12,충남 서산시 예천8로 27
seosan,서산시,서산시청,6,참치마을,참치회,13,2660000,204615,11,충남 서산시 번화1로 9
seosan,서산시,서산시청,7,담음,한정식,12,3239000,269917,12,충남 서산시 한성지2길 22-4
seosan,서산시,서산시청,8,고삐,"육류,고기",11,3350000,304545,10,충남 서산시 쌍연남2로 14
seosan,서산시,서산시청,9,대도관,한정식,11,6064000,551273,9,충남 서산시 부춘3로 19
seosan,서산시,서산시청,10,연남물갈비,연남물갈비,10,2732000,273200,10,충남 서산시 부춘1로 66
seoul_city,서울시,서울특별시청,1,브이아이피참치,참치회,424,62349350,147050,119,서울 중구 세종대로22길 16
seoul_city,서울시,서울특별시청,2,삼우정,한정식,418,59843310,143166,136,서울 중구 서소문로 134-12
seoul_city,서울시,서울특별시청,3,우도일식,일식집,381,39802200,104468,86,서울 중구 세종대로 124
seoul_city,서울시,서울특별시청,4,오리마당,오리,378,47799160,126453,136,서울 중구 세종대로11길 43
seoul_city,서울시,서울특별시청,5,구이구이,"해물,생선",344,38295500,111324,134,서울 중구 을지로 6
seoul_city,서울시,서울특별시청,6,브라주카 그릴,양식,280,36600100,130715,113,서울 중구 무교로 19
seoul_city,서울시,서울특별시청,7,곰국시집,국수,279,32940600,118067,100,서울 중구 무교로 24
seoul_city,서울시,서울특별시청,8,참숯골,"육류,고기",272,37073300,136299,90,서울 중구 무교로 16
seoul_city,서울시,서울특별시청,9,복성각,중국요리,265,41617500,157047,105,서울 중구 통일로 10
seoul_city,서울시,서울특별시청,10,정동1946,"육류,고기",254,26344000,103717,87,서울 중구 서소문로11길 19
siheung,시흥시,시흥시청,1,가온누리,카페,72,2014100,27974,12,경기 시흥시 마유로418번길 15
siheung,시흥시,시흥시청,2,명가,한식,58,5033000,86776,12,경기 시흥시 새재로 27
siheung,시흥시,시흥시청,3,선도아구찜탕,아구,53,5513100,104021,12,경기 시흥시 시청로68번길 26
siheung,시흥시,시흥시청,4,고기와면,"육류,고기",44,8872970,201658,11,경기 시흥시 시청로68번길 10
siheung,시흥시,시흥시청,5,송탄부대찌개,한식,43,4950800,115135,11,경기 시흥시 시청로68번길 10
siheung,시흥시,시흥시청,6,원조닭탕,닭요리,41,3119000,76073,12,경기 시흥시 신천로44번안길 23
siheung,시흥시,시흥시청,7,연잎명태조림,"해물,생선",41,5062000,123463,10,경기 시흥시 하중로117번길 6
siheung,시흥시,시흥시청,8,경복궁삼계탕,삼계탕,40,3766400,94160,11,경기 시흥시 능골길 75
siheung,시흥시,시흥시청,9,훈장골 시흥 은계점,"육류,고기",38,8033240,211401,9,경기 시흥시 수인로3247번길 5
siheung,시흥시,시흥시청,10,가온누리 시흥점,카페,35,1141300,32609,11,경기 시흥시 시청로 20
sinan,신안군,신안군청,1,홍미,갈비,13,1764000,135692,13,전남광주통합특별시 신안군 압해읍 압해로 867
sinan,신안군,신안군청,2,도선장횟집,회,13,1950000,150000,5,전남광주통합특별시 신안군 압해읍 천사로 11
sinan,신안군,신안군청,3,수문풍천민물장어,장어,10,1055000,105500,6,전남광주통합특별시 신안군 압해읍 원신장길 10-2
sinan,신안군,신안군청,4,꿀꿀이식당,한식,9,1555000,172778,5,전남광주통합특별시 신안군 암태면 중부로 1830
sinan,신안군,신안군청,5,동화식당,한식,9,3400000,377778,3,전남광주통합특별시 신안군 장산면 도창길 1-2
sinan,신안군,신안군청,6,정자네횟집,회,7,1097000,156714,6,전남광주통합특별시 신안군 압해읍 압해로 1852-5
sinan,신안군,신안군청,7,서해횟집,회,7,636000,90857,6,전남광주통합특별시 신안군 압해읍 천사로 61-33
sinan,신안군,신안군청,8,신안오리탕,"해물,생선",7,1301000,185857,5,전남광주통합특별시 신안군 압해읍 압해로 859
sinan,신안군,신안군청,9,화개장터,국밥,7,567000,81000,5,전남광주통합특별시 신안군 압해읍 조천길 36-25
sinan,신안군,신안군청,10,천사신안아구찜,아구,6,942000,157000,6,전남광주통합특별시 신안군 압해읍 무지개길 321
sn2025,성남시,성남시청,1,청마루,오리·한정식,63,14282000,226698,,경기 성남시 중원구 성남대로997번길 25-13 2층 (여수동)
sn2025,성남시,성남시청,2,콩두주백,두부전문점,42,4041000,96214,,경기 성남시 중원구 양현로405번길 4-3 (분당직영점 등 3개 직영점)
sn2025,성남시,성남시청,3,보돌미역 서현점,해물·생선,36,6982000,193944,,경기 성남시 분당구 황새울로 315 대현빌딩 2층 (서현동)
sn2025,성남시,성남시청,4,호차이니즈,중국요리,34,11395000,335147,,경기 성남시 중원구 양현로405번길 5 신야탑푸르지오시티 2층 (여수동)
sn2025,성남시,성남시청,5,중화일상 서현점,중국요리,29,10357000,357138,,경기 성남시 분당구 황새울로 315 (서현동)
sn2025,성남시,성남시청,6,미다원 성남시청점,전통찻집·한식,28,2462600,87950,,경기 성남시 중원구 성남대로997번길 25-16 (여수동)
sn2025,성남시,성남시청,7,한우왕돼지왕,육류·고기,26,5112900,196650,,경기 성남시 중원구 성남대로997번길 27-14 (여수동)
sn2025,성남시,성남시청,8,개성손만두,만두·전골,21,1717000,81762,,경기 성남시 수정구 위례광장로 19 2층 (창곡동)
sn2025,성남시,성남시청,9,청담추어정,추어탕,21,2323000,110619,,"경기 성남시 수정구 대왕판교로915번길 1 (시흥동, 분당점 등)"
sn2025,성남시,성남시청,10,소플러스 상대원점,육류·고기,20,5217000,260850,,경기 성남시 중원구 사기막골로 99 A타워 (상대원동)
sokcho,속초시,속초시청,1,만석닭강정엑스포점,닭강정,13,1660000,127692,8,강원특별자치도 속초시 청초호반로 72
sokcho,속초시,속초시청,2,영랑호화로구이,"육류,고기",13,3108000,239077,7,강원특별자치도 속초시 번영로129번길 29-8
sokcho,속초시,속초시청,3,서가네 숯불구이,갈비,12,3600000,300000,5,강원특별자치도 속초시 먹거리5길 19
sokcho,속초시,속초시청,4,은빛바다,"해물,생선",11,2396000,217818,9,강원특별자치도 속초시 중앙로 158-3
sokcho,속초시,속초시청,5,설악산로한우,"육류,고기",9,2044000,227111,9,강원특별자치도 속초시 설악산로 110
sokcho,속초시,속초시청,6,영광정막국수,국수,8,1681000,210125,7,강원특별자치도 속초시 떡밭재로 229
sokcho,속초시,속초시청,7,천일면옥,냉면,8,2136000,267000,6,강원특별자치도 속초시 청대로351번길 9
sokcho,속초시,속초시청,8,진세이로무시,한식,8,1608000,201000,6,강원특별자치도 속초시 선사로2길 13
sokcho,속초시,속초시청,9,산채가,한식,8,3009000,376125,5,강원특별자치도 속초시 번영로105번길 8
sokcho,속초시,속초시청,10,시현이네회국수,국수,8,1561000,195125,5,강원특별자치도 속초시 청초호반로 178
songpa,송파구,송파구청,1,횡성한우,"육류,고기",44,7030500,159784,34,서울 송파구 오금로 113
songpa,송파구,송파구청,2,난랑,중국요리,40,4813000,120325,26,서울 송파구 올림픽로32길 11
songpa,송파구,송파구청,3,육전국밥,국밥,35,4207800,120223,26,서울 송파구 오금로 111
songpa,송파구,송파구청,4,컨플릭트,카페,28,1184050,42288,17,서울 송파구 잠실로 209
songpa,송파구,송파구청,5,한방삼계탕,삼계탕,26,3112000,119692,25,서울 송파구 올림픽로35길 93
songpa,송파구,송파구청,6,샛집남원추어탕,추어,24,1811000,75458,23,서울 송파구 오금로11길 7-12
songpa,송파구,송파구청,7,금수복국,복어,16,2368000,148000,14,서울 송파구 잠실로 209
songpa,송파구,송파구청,8,커넥트 투,전시관,16,415790,25987,11,서울 송파구 올림픽로 300
songpa,송파구,송파구청,9,온조,도시근린공원,16,308300,19269,7,서울 송파구 신천동 20-1
songpa,송파구,송파구청,10,등촌샤브칼국수,등촌샤브칼국수,15,1306000,87067,15,서울 송파구 올림픽로30길 10
sunchang,순창군,순창군청,1,대궁,한정식,13,11223000,863308,8,전북특별자치도 순창군 순창읍 순창5길 20
sunchang,순창군,순창군청,2,순정축협 순창한우명품관,"육류,고기",4,3142000,785500,3,전북특별자치도 순창군 순창읍 경천1로 26
sunchang,순창군,순창군청,3,쌍복식당,한식,3,1420000,473333,3,전북특별자치도 순창군 쌍치면 도고길 1
sunchang,순창군,순창군청,4,명가원 장어직판장,식품판매,3,6550000,2183333,2,전북특별자치도 순창군 순창읍 담순로 951-57
sunchang,순창군,순창군청,5,남다른흑돼지,정육점,2,4000000,2000000,2,전북특별자치도 순창군 인계면 인덕로 174
sunchang,순창군,순창군청,6,신포우리만두,신포우리만두,2,1580000,790000,2,전북특별자치도 순창군 순창읍 옥천로 36-1
sunchang,순창군,순창군청,7,매일통닭,치킨,2,1130000,565000,2,전북특별자치도 순창군 순창읍 순창8길 23
sunchang,순창군,순창군청,8,지정환임실치즈피자,지정환피자,2,890000,445000,2,전북특별자치도 순창군 순창읍 남계로 95-2
sunchang,순창군,순창군청,9,순창흑염소고을,"육류,고기",2,830000,415000,2,전북특별자치도 순창군 팔덕면 강천로 111
sunchang,순창군,순창군청,10,광주식당,한식,2,720000,360000,2,전북특별자치도 순창군 인계면 인덕로 229
suncheon,순천시,순천시청,1,남흥회관,"육류,고기",25,6136000,245440,17,전남광주통합특별시 순천시 장명2길 4
suncheon,순천시,순천시청,2,순광식당,"해물,생선",23,3227400,140322,17,전남광주통합특별시 순천시 중앙5길 31
suncheon,순천시,순천시청,3,미조리횟집,회,22,2854000,129727,16,전남광주통합특별시 순천시 장천안길 42
suncheon,순천시,순천시청,4,명궁관,한정식,22,5487000,249409,15,전남광주통합특별시 순천시 중앙2길 7
suncheon,순천시,순천시청,5,낙원회관,한정식,21,3939000,187571,15,전남광주통합특별시 순천시 중앙3길 5-1
suncheon,순천시,순천시청,6,금빈회관,갈비,13,2242600,172508,9,전남광주통합특별시 순천시 장명4길 8
suncheon,순천시,순천시청,7,효동회관,"육류,고기",12,2237600,186467,12,전남광주통합특별시 순천시 장천2길 20-4
suncheon,순천시,순천시청,8,강동일식,일식집,12,2711500,225958,10,전남광주통합특별시 순천시 순천만길 31
suncheon,순천시,순천시청,9,순천복집,복어,9,1397000,155222,9,전남광주통합특별시 순천시 중앙3길 14
suncheon,순천시,순천시청,10,호남식당,한식,9,1013000,112556,6,전남광주통합특별시 순천시 장명2길 3
suwon,수원시,수원시청,1,이화정,한식,16,2781000,173812,13,경기 수원시 팔달구 효원로235번길 46-14
suwon,수원시,수원시청,2,해화참치,참치회,15,1446000,96400,15,경기 수원시 팔달구 경수대로 424
suwon,수원시,수원시청,3,우계골 본점,한식,15,2195000,146333,7,경기 수원시 팔달구 권광로175번길 100
suwon,수원시,수원시청,4,트라토리아,이탈리안,10,1217000,121700,8,경기 수원시 팔달구 경수대로 438
suwon,수원시,수원시청,5,닭나무집,닭요리,9,723500,80389,9,경기 수원시 팔달구 권광로175번길 41
suwon,수원시,수원시청,6,동해한정식,한정식,8,1506000,188250,8,경기 수원시 팔달구 효원로219번길 36
suwon,수원시,수원시청,7,미담,참치회,8,1694000,211750,7,경기 수원시 권선구 일월천로 14
suwon,수원시,수원시청,8,글림,카페,8,292545,36568,6,경기 수원시 팔달구 권광로175번길 44
suwon,수원시,수원시청,9,태로,"해물,생선",7,454850,64979,7,경기 수원시 권선구 매송고색로 634-26
suwon,수원시,수원시청,10,해담맛집코다리마을,"해물,생선",7,1050800,150114,6,경기 수원시 권선구 일월천로4번길 10
taean,태안군,태안군청,1,한국관,"육류,고기",24,4407000,183625,4,충남 태안군 태안읍 독샘로 100
taean,태안군,태안군청,2,화룡,중국요리,18,3425000,190278,4,충남 태안군 태안읍 정주내1길 20
taean,태안군,태안군청,3,일향,한식,17,3959000,232882,4,충남 태안군 태안읍 군청8길 14-9
taean,태안군,태안군청,4,담채,삼겹살,16,4665000,291562,4,충남 태안군 태안읍 동문6길 7
taean,태안군,태안군청,5,남문정,한정식,13,3392000,260923,5,충남 태안군 태안읍 군청4길 3
taean,태안군,태안군청,6,경희횟집,회,12,2278000,189833,4,충남 태안군 태안읍 시장4길 5
taean,태안군,태안군청,7,잎새미소,컴퓨터주변기기,10,8804000,880400,4,충남 태안군 태안읍 군청로 12
taean,태안군,태안군청,8,염소뜰에,한식,10,573000,57300,3,충남 태안군 태안읍 후곡로 110
taean,태안군,태안군청,9,영일식관,한식,8,2023000,252875,6,충남 태안군 이원면 원이로 1559
taean,태안군,태안군청,10,정일품,"육류,고기",8,2226000,278250,5,충남 태안군 태안읍 동문5길 5-1
tongyeong,통영시,통영시청,1,희연회식당,회,52,16702000,321192,23,경남 통영시 북신시장1길 55
tongyeong,통영시,통영시청,2,희락회맛집,회,30,9482000,316067,15,경남 통영시 용남면 화포3길 95
tongyeong,통영시,통영시청,3,해원횟집,회,28,8811000,314679,6,경남 통영시 미수해안로 125-5
tongyeong,통영시,통영시청,4,청도소갈비,갈비,23,7398000,321652,14,경남 통영시 무전2길 12-35
tongyeong,통영시,통영시청,5,동원한정식,한정식,19,4349000,228895,17,경남 통영시 무전4길 25
tongyeong,통영시,통영시청,6,미도초밥,"초밥,롤",17,5009000,294647,7,경남 통영시 무전5길 11-13
tongyeong,통영시,통영시청,7,동명삼겹살,삼겹살,16,5419000,338688,11,경남 통영시 무전6길 48-19
tongyeong,통영시,통영시청,8,죽향초밥,일식,16,5876000,367250,8,경남 통영시 무전5길 11-23
tongyeong,통영시,통영시청,9,통영광도횟집,회,13,3942000,303231,9,경남 통영시 광도면 죽림3로 79
tongyeong,통영시,통영시청,10,통영왕갈비,갈비,11,3877000,352455,5,경남 통영시 원문로 36
uijeongbu,의정부시,의정부시청,1,아사랑,중국요리,99,18220000,184040,77,경기 의정부시 둔야로17번길 32
uijeongbu,의정부시,의정부시청,2,골목집,한식,63,10165540,161358,52,경기 의정부시 둔야로5번길 50
uijeongbu,의정부시,의정부시청,3,신의주찹쌀순대,신의주찹쌀순대,58,3771000,65017,51,경기 의정부시 의정로46번길 33
uijeongbu,의정부시,의정부시청,4,의정부OK목장,갈비,52,5611000,107904,43,경기 의정부시 둔야로33번길 50
uijeongbu,의정부시,의정부시청,5,하성설렁탕,설렁탕,48,3396000,70750,43,경기 의정부시 의정로40번길 20
uijeongbu,의정부시,의정부시청,6,육낙지탕탕탕,"해물,생선",47,3612700,76866,40,경기 의정부시 둔야로33번길 8
uijeongbu,의정부시,의정부시청,7,와가대가,한식,46,5448000,118435,39,경기 의정부시 의정로40번길 49
uijeongbu,의정부시,의정부시청,8,배양리두루치기,"불고기,두루치기",40,4708000,117700,39,경기 의정부시 의정로46번길 33
uijeongbu,의정부시,의정부시청,9,누나네,"찌개,전골",38,3373000,88763,36,경기 의정부시 시민로19번길 22-6
uijeongbu,의정부시,의정부시청,10,삼시세끼,한식,37,2290500,61905,33,경기 의정부시 둔야로33번길 12
uiryeong,의령군,의령군청,1,철원횟집,회,35,9493000,271229,28,경남 의령군 의령읍 의병로16길 12
uiryeong,의령군,의령군청,2,어부밥상횟집,회,35,7695000,219857,26,경남 의령군 의령읍 의병로 167-5
uiryeong,의령군,의령군청,3,풀내음,국수,29,3340000,115172,21,경남 의령군 가례면 홍의로3길 11
uiryeong,의령군,의령군청,4,맛있는가든,"육류,고기",26,7683000,295500,16,경남 의령군 가례면 홍의로 261
uiryeong,의령군,의령군청,5,해드니전골,"찌개,전골",23,3978000,172957,17,경남 의령군 가례면 홍의로 194
uiryeong,의령군,의령군청,6,의령망개떡,"떡,한과",22,3635000,165227,18,경남 의령군 의령읍 의병로18길 3-4
uiryeong,의령군,의령군청,7,중동식당,국밥,22,6060000,275455,16,경남 의령군 의령읍 충익로 47-14
uiryeong,의령군,의령군청,8,장군식당,"육류,고기",20,5418200,270910,14,경남 의령군 부림면 신번로 98
uiryeong,의령군,의령군청,9,명태어장,"해물,생선",19,3880000,204211,14,경남 의령군 의령읍 의병로14길 32
uiryeong,의령군,의령군청,10,대성원,"육류,고기",18,5923000,329056,13,경남 의령군 의령읍 의병로23길 6-4
uiseong,의성군,의성군청,1,경동숯불갈비,갈비,16,6081000,380062,3,경북 의성군 의성읍 동서2길 29-1
uiseong,의성군,의성군청,2,원석촌,"육류,고기",14,5265000,376071,3,경북 의성군 의성읍 문소3길 74
uiseong,의성군,의성군청,3,예전식당,"해물,생선",12,4350000,362500,3,경북 의성군 의성읍 문소3길 56
uiseong,의성군,의성군청,4,가빈정,추어,10,2970000,297000,3,경북 의성군 의성읍 후죽5길 32
uiseong,의성군,의성군청,5,용주밥상,한식,9,3134000,348222,3,경북 의성군 의성읍 동서2길 20
uiseong,의성군,의성군청,6,수림,중국요리,8,2790000,348750,3,경북 의성군 의성읍 문소3길 25
uiseong,의성군,의성군청,7,주광생고기전문,"육류,고기",8,2500000,312500,3,경북 의성군 의성읍 동서1길 28
uiseong,의성군,의성군청,8,성주숯불갈비,갈비,7,2480000,354286,3,경북 의성군 의성읍 동서1길 18
uiseong,의성군,의성군청,9,대청마루,한식,7,2220000,317143,3,경북 의성군 의성읍 동서2길 15
uiseong,의성군,의성군청,10,인사동,한식,6,1960000,326667,3,경북 의성군 의성읍 중앙길 79-1
uiwang,의왕시,의왕시청,1,일품향가든,"육류,고기",45,7158200,159071,34,경기 의왕시 골우물길 47-10
uiwang,의왕시,의왕시청,2,정성담,"육류,고기",38,4928000,129684,37,경기 의왕시 고산로 1
uiwang,의왕시,의왕시청,3,해마루,일식집,36,5772000,160333,32,경기 의왕시 경수대로 257
uiwang,의왕시,의왕시청,4,도래샘,닭요리,33,3278000,99333,32,경기 의왕시 오매기백운산길 67
uiwang,의왕시,의왕시청,5,바다향왕코다리,"해물,생선",29,3408000,117517,28,경기 의왕시 사나골길 14
uiwang,의왕시,의왕시청,6,소플러스,"육류,고기",25,3828000,153120,21,경기 의왕시 경수대로 377
uiwang,의왕시,의왕시청,7,곰만두,한식,23,1503000,65348,20,경기 의왕시 까치골길 10
uiwang,의왕시,의왕시청,8,개성손만두,"찌개,전골",22,2135000,97045,20,경기 의왕시 백운로 133
uiwang,의왕시,의왕시청,9,능이옥,삼계탕,21,3171300,151014,19,경기 의왕시 오매기가운데말길 7
uiwang,의왕시,의왕시청,10,황금코다리,황금코다리,21,1556000,74095,19,경기 의왕시 고고리길 6-2
uljin,울진군,울진군청,1,울산회식당,회,19,6091000,320579,5,경북 울진군 기성면 망양로 225-9
uljin,울진군,울진군청,2,삼오정,한식,13,2608000,200615,3,경북 울진군 울진읍 울진중앙로 111-1
uljin,울진군,울진군청,3,금강송한우프라자,"육류,고기",10,2094000,209400,5,경북 울진군 근남면 울진북로 267
uljin,울진군,울진군청,4,왕돌초,"굴,전복",9,1253000,139222,7,경북 울진군 죽변면 울진북로 1116
uljin,울진군,울진군청,5,한우와된장,"육류,고기",9,2445000,271667,4,경북 울진군 울진읍 말루길 140-3
uljin,울진군,울진군청,6,광진상회,"육류,고기",7,1909000,272714,6,경북 울진군 울진읍 읍내3길 37-9
uljin,울진군,울진군청,7,만나삼계탕,삼계탕,7,957000,136714,5,경북 울진군 울진읍 울진중앙로 115-11
uljin,울진군,울진군청,8,수은호수산,수산물판매,7,2465000,352143,3,경북 울진군 죽변면 죽변항길 150
uljin,울진군,울진군청,9,맛있는시골밥상,한식,7,1202000,171714,3,경북 울진군 매화면 매화2길 36-29
uljin,울진군,울진군청,10,갈매기회센타,회,6,1110000,185000,3,경북 울진군 울진읍 현내항길 290-5
ulleung,울릉군,울릉군청,1,상록식당,"육류,고기",6,2320000,386667,2,경북 울릉군 서면 남양4길 25
ulleung,울릉군,울릉군청,2,천금회수산,회,5,1830000,366000,1,경북 울릉군 울릉읍 봉래길 6
ulleung,울릉군,울릉군청,3,삼정식당,한식,4,1004000,251000,2,경북 울릉군 울릉읍 울릉순환로 212-8
ulleung,울릉군,울릉군청,4,새바다,한식,3,2000000,666667,2,경북 울릉군 울릉읍 봉래1길 28
ulleung,울릉군,울릉군청,5,영광상회,식품판매,3,910000,303333,1,경북 울릉군 울릉읍 도동길 49
ulleung,울릉군,울릉군청,6,우미정,갈비,2,1100000,550000,2,경북 울릉군 울릉읍 도동3길 31
ulleung,울릉군,울릉군청,7,배가네화로구이,"육류,고기",2,600000,300000,2,경북 울릉군 울릉읍 도동3길 27
ulleung,울릉군,울릉군청,8,웅이네,칼국수,2,348000,174000,2,경북 울릉군 울릉읍 도동길 163
ulleung,울릉군,울릉군청,9,보배식당,"해물,생선",2,300000,150000,2,경북 울릉군 울릉읍 도동2길 50-4
ulleung,울릉군,울릉군청,10,가야수산,수산물판매,2,880000,440000,1,경북 울릉군 울릉읍 도동길 63
ulsan_buk,울산 북구,울산 북구청,1,덕수궁,"육류,고기",29,6770730,233473,26,울산 북구 명촌23길 34
ulsan_buk,울산 북구,울산 북구청,2,고래온,한식,23,4221000,183522,22,울산 북구 곡리8길 7
ulsan_buk,울산 북구,울산 북구청,3,화도담,한식,16,3983000,248938,14,울산 북구 곡리6길 10
ulsan_buk,울산 북구,울산 북구청,4,옛고을,"육류,고기",15,4984000,332267,13,울산 북구 상방1길 5
ulsan_buk,울산 북구,울산 북구청,5,장날마당,오리,12,3348000,279000,10,울산 북구 하원지2길 3
ulsan_buk,울산 북구,울산 북구청,6,미소가,한식,12,2386000,198833,10,울산 북구 두부곡15길 16
ulsan_buk,울산 북구,울산 북구청,7,이화루,중국요리,10,2332000,233200,9,울산 북구 송정35길 1
ulsan_buk,울산 북구,울산 북구청,8,서울낙원,"떡,한과",9,990800,110089,4,울산 북구 신답로 48
ulsan_buk,울산 북구,울산 북구청,9,동하물회,회,8,1229000,153625,8,울산 북구 상방1길 10
ulsan_buk,울산 북구,울산 북구청,10,풍경채,한식,8,1544500,193062,5,울산 북구 화동15길 51-10
ulsan_city,울산광역시,울산광역시청,1,봉계숯불갈비,갈비,174,64880000,372874,150,울산 남구 봉월로38번길 35-1
ulsan_city,울산광역시,울산광역시청,2,함양집,한식,146,42589000,291705,134,울산 남구 중앙로208번길 12
ulsan_city,울산광역시,울산광역시청,3,이조장어,장어,138,32353000,234442,130,울산 남구 삼산로77번길 25
ulsan_city,울산광역시,울산광역시청,4,팔도낙지촌,"해물,생선",64,15308000,239188,60,울산 남구 장생포고래로 233
ulsan_city,울산광역시,울산광역시청,5,신정양곱창,"곱창,막창",63,15406000,244540,60,울산 남구 신정로 108
ulsan_city,울산광역시,울산광역시청,6,일품참숯암소갈비살,갈비,55,16413000,298418,52,울산 남구 중앙로223번길 1
ulsan_city,울산광역시,울산광역시청,7,토석정,오리,53,12024000,226868,53,울산 남구 돋질로31번길 12
ulsan_city,울산광역시,울산광역시청,8,언양불고기,"불고기,두루치기",48,11801000,245854,43,울산 울주군 언양읍 읍성로 104
ulsan_city,울산광역시,울산광역시청,9,두부촌,두부전문점,43,10771000,250488,41,울산 남구 거마로 133
ulsan_city,울산광역시,울산광역시청,10,장어광장,장어,42,127026000,3024429,41,울산 남구 돋질로 37
ulsan_dong,울산 동구,울산 동구청,1,등대식당,한식,36,5306400,147400,30,울산 동구 등대로 31
ulsan_dong,울산 동구,울산 동구청,2,도원,"불고기,두루치기",36,7559200,209978,29,울산 동구 고늘로 6
ulsan_dong,울산 동구,울산 동구청,3,덕수궁,"육류,고기",26,4314300,165935,22,울산 동구 해수욕장3길 16
ulsan_dong,울산 동구,울산 동구청,4,금상첨화,갈비,22,4367300,198514,19,울산 동구 해수욕장10길 22
ulsan_dong,울산 동구,울산 동구청,5,상진항,회,21,2565000,122143,15,울산 동구 서진길 79
ulsan_dong,울산 동구,울산 동구청,6,산내암소마을,"육류,고기",18,3594700,199706,16,울산 동구 해수욕장2길 13
ulsan_dong,울산 동구,울산 동구청,7,수니함박,양식,11,1039400,94491,11,울산 동구 화잠로 147
ulsan_dong,울산 동구,울산 동구청,8,샤브안,샤브샤브,10,1255600,125560,9,울산 동구 명덕로 10
ulsan_dong,울산 동구,울산 동구청,9,주가네식탁,한식,9,3092500,343611,7,울산 동구 일산진6길 30
ulsan_dong,울산 동구,울산 동구청,10,영천한우마을,"육류,고기",8,1551300,193912,8,울산 동구 해수욕장2길 17
ulsan_jung,울산 중구,울산 중구청,1,미가현영천한우,"육류,고기",10,2753000,275300,6,울산 중구 종가8길 35
ulsan_jung,울산 중구,울산 중구청,2,스시히바나,"초밥,롤",9,1509000,167667,7,울산 중구 남외1길 40
ulsan_jung,울산 중구,울산 중구청,3,종로쭈꾸미,"해물,생선",8,1060000,132500,5,울산 중구 성안로 201
ulsan_jung,울산 중구,울산 중구청,4,송화정,한식,8,734000,91750,3,울산 중구 단장골길 16
ulsan_jung,울산 중구,울산 중구청,5,가마솥뚝배기,국밥,7,949500,135643,3,울산 중구 곽남길 20
ulsan_jung,울산 중구,울산 중구청,6,계성,삼계탕,6,880100,146683,5,울산 중구 함월1길 24
ulsan_jung,울산 중구,울산 중구청,7,궁중삼계탕,삼계탕,6,1224128,204021,4,울산 중구 먹자거리 6
ulsan_jung,울산 중구,울산 중구청,8,강원도해장국,해장국,6,246099,41016,4,울산 중구 북부순환도로 864
ulsan_jung,울산 중구,울산 중구청,9,함양집,한식,5,844000,168800,4,울산 중구 종가8길 51
ulsan_jung,울산 중구,울산 중구청,10,한가위,한식,4,899000,224750,4,울산 중구 새벽시장3길 9
ulsan_nam,울산 남구,울산 남구청,1,마루,"육류,고기",49,17976500,366867,36,울산 남구 왕생로128번길 10
ulsan_nam,울산 남구,울산 남구청,2,미가횟집,회,41,7972000,194439,30,울산 남구 돋질로239번길 4-23
ulsan_nam,울산 남구,울산 남구청,3,언양불고기,"불고기,두루치기",38,9004000,236947,35,울산 남구 왕생로86번길 5
ulsan_nam,울산 남구,울산 남구청,4,심봉사눈뜬밥상,"해물,생선",25,4667000,186680,22,울산 남구 돋질로251번길 17
ulsan_nam,울산 남구,울산 남구청,5,청우횟집,회,24,5036400,209850,22,울산 남구 번영로166번길 19
ulsan_nam,울산 남구,울산 남구청,6,도소가,두부전문점,21,3989000,189952,19,울산 남구 돋질로239번길 4-18
ulsan_nam,울산 남구,울산 남구청,7,한우국밥,국밥,21,5804700,276414,16,울산 남구 돋질로 241
ulsan_nam,울산 남구,울산 남구청,8,소라고래집,"해물,생선",15,6175500,411700,14,울산 남구 장생포고래로 241
ulsan_nam,울산 남구,울산 남구청,9,공업탑경양식,양식,13,759700,58438,7,울산 남구 삼산로 20
ulsan_nam,울산 남구,울산 남구청,10,돈주촌족발,"족발,보쌈",12,2769000,230750,12,울산 남구 돋질로251번길 17-1
ulsan_ulju,울주군,울주군청,1,풍경,"불고기,두루치기",25,4948000,197920,24,울산 울주군 상북면 배내로 1032
ulsan_ulju,울주군,울주군청,2,탑거리,한식,17,2200000,129412,16,울산 울주군 청량읍 망해2길 39
ulsan_ulju,울주군,울주군청,3,문수산 초장집,한식,16,5528000,345500,14,울산 울주군 청량읍 율리영해로 8
ulsan_ulju,울주군,울주군청,4,미담 영양솥밥,한식,13,1631000,125462,12,울산 울주군 청량읍 율리영해1길 52
ulsan_ulju,울주군,울주군청,5,율리전복밥,"굴,전복",11,976300,88755,11,울산 울주군 청량읍 청량천변로 137-1
ulsan_ulju,울주군,울주군청,6,율리이장집,한식,10,1333000,133300,10,울산 울주군 청량읍 율리영해1길 162
ulsan_ulju,울주군,울주군청,7,둥굴관,오리,9,1172870,130319,8,울산 울주군 청량읍 율리영해로 93
ulsan_ulju,울주군,울주군청,8,율리회살아있네,회,9,2462000,273556,7,울산 울주군 청량읍 율리영해로 4
ulsan_ulju,울주군,울주군청,9,율리정,한정식,8,1331000,166375,7,울산 울주군 청량읍 율리영해1길 170-6
ulsan_ulju,울주군,울주군청,10,석삼오리,오리,7,1962000,280286,7,울산 울주군 청량읍 율리영해1길 26
wando,완도군,완도군청,1,계절의 맛 명성,한식,87,30137000,346402,7,전남광주통합특별시 완도군 완도읍 개포로145번길 31
wando,완도군,완도군청,2,완도항구,여객선터미널,41,19274000,470098,7,전남광주통합특별시 완도군 완도읍 장보고대로 339
wando,완도군,완도군청,3,미원횟집,회,36,13467000,374083,14,전남광주통합특별시 완도군 완도읍 해변공원로 65
wando,완도군,완도군청,4,대원,"육류,고기",21,6416000,305524,12,전남광주통합특별시 완도군 완도읍 청해진남로 15
wando,완도군,완도군청,5,해왕갈비,갈비,18,7048000,391556,11,전남광주통합특별시 완도군 완도읍 해변공원로125번길 7-6
wando,완도군,완도군청,6,빙그레식당본점,"해물,생선",17,6390000,375882,5,전남광주통합특별시 완도군 완도읍 청해진로 1565-4
wando,완도군,완도군청,7,대박집,한식,15,2873000,191533,9,전남광주통합특별시 완도군 완도읍 개포로62번길 9-10
wando,완도군,완도군청,8,가든한국관,한식,14,4856000,346857,12,전남광주통합특별시 완도군 완도읍 군내3번길 24-6
wando,완도군,완도군청,9,황제회포차,"해물,생선",12,4735000,394583,5,전남광주통합특별시 완도군 완도읍 개포로56번길 40-1
wando,완도군,완도군청,10,완도맛집모래뜰,한정식,10,3396000,339600,7,전남광주통합특별시 완도군 신지면 명사십리길 74
wonju,원주시,원주시청,1,우노,음식점,29,7246300,249872,26,강원특별자치도 원주시 송삼길 24
wonju,원주시,원주시청,2,방가옥,"육류,고기",24,15952000,664667,20,강원특별자치도 원주시 남산로48번길 62
wonju,원주시,원주시청,3,부산횟집,회,23,6480500,281761,21,강원특별자치도 원주시 만대공원길 56
wonju,원주시,원주시청,4,타오,중국요리,19,5668000,298316,17,강원특별자치도 원주시 시청로 25-1
wonju,원주시,원주시청,5,와사비횟집,회,16,5260000,328750,15,강원특별자치도 원주시 단구로 354-27
wonju,원주시,원주시청,6,횡성더덕밥김가,한정식,15,4237000,282467,14,강원특별자치도 원주시 행구로 238
wonju,원주시,원주시청,7,주문진,회,13,2002000,154000,10,강원특별자치도 원주시 백간공원길 21-4
wonju,원주시,원주시청,8,미향,한정식,12,2580000,215000,11,강원특별자치도 원주시 장미공원길 16
wonju,원주시,원주시청,9,미가쭈꾸미,"해물,생선",12,1336000,111333,11,강원특별자치도 원주시 만대로 55
wonju,원주시,원주시청,10,치악산한우타운,"육류,고기",12,3047000,253917,10,강원특별자치도 원주시 무실밤골길 29-4
yangcheon,양천구,양천구청,1,가원,중국요리,68,10897700,160260,55,서울 양천구 신정로7길 60-5
yangcheon,양천구,양천구청,2,우리네코다리,"해물,생선",66,7961500,120629,51,서울 양천구 목동서로 349
yangcheon,양천구,양천구청,3,신선설농탕,신선설농탕,46,4059000,88239,37,서울 양천구 목동서로 349
yangcheon,양천구,양천구청,4,억조1978,"육류,고기",46,6726000,146217,34,서울 양천구 목동동로10길 24
yangcheon,양천구,양천구청,5,낙지와볼테기,"해물,생선",40,3452000,86300,31,서울 양천구 목동동로 73
yangcheon,양천구,양천구청,6,소담,분식,39,2984000,76513,31,서울 양천구 목동중앙남로11길 16
yangcheon,양천구,양천구청,7,린궁즈,중국요리,32,3915500,122359,26,서울 양천구 목동동로8길 3
yangcheon,양천구,양천구청,8,신의주찹쌀순대,신의주찹쌀순대,29,1356000,46759,23,서울 양천구 목동서로 377
yangcheon,양천구,양천구청,9,두성전주콩나물국밥,국밥,28,1744000,62286,25,서울 양천구 목동서로 377
yangcheon,양천구,양천구청,10,대복,복어,26,3830000,147308,21,서울 양천구 오목로 276
yanggu,양구군,양구군청,1,제주도생고기,"육류,고기",39,10250110,262823,34,강원특별자치도 양구군 양구읍 관공서로 49-7
yanggu,양구군,양구군청,2,시래정,한식,34,7272600,213900,29,강원특별자치도 양구군 양구읍 황강길 16-23
yanggu,양구군,양구군청,3,귀빈,한식,27,4388000,162519,18,강원특별자치도 양구군 양구읍 파로호로 903
yanggu,양구군,양구군청,4,도촌막국수,국수,25,3150000,126000,23,강원특별자치도 양구군 국토정중앙면 국토정중앙로 6
yanggu,양구군,양구군청,5,청춘숯불갈비,갈비,24,6603000,275125,23,강원특별자치도 양구군 양구읍 양록길23번길 6-8
yanggu,양구군,양구군청,6,김순례할매손두부,두부전문점,18,3247000,180389,13,강원특별자치도 양구군 해안면 펀치볼로1316번길 19-1
yanggu,양구군,양구군청,7,시래원,한식,17,3298500,194029,15,강원특별자치도 양구군 국토정중앙면 국토정중앙로 42
yanggu,양구군,양구군청,8,장모밥상,한식,15,2358000,157200,13,강원특별자치도 양구군 양구읍 관공서로 21-3
yanggu,양구군,양구군청,9,전주식당,두부전문점,14,1403000,100214,12,강원특별자치도 양구군 양구읍 비봉로 91-15
yanggu,양구군,양구군청,10,도촌삼계탕,삼계탕,13,1899000,146077,12,강원특별자치도 양구군 양구읍 청춘로 39-37
yangju,양주시,양주시청,1,고우시,일식,33,6685000,202576,20,경기 양주시 만송로 207-20
yangju,양주시,양주시청,2,소풍,"육류,고기",27,4810000,178148,23,경기 양주시 광적면 부흥로 856
yangju,양주시,양주시청,3,항아리갈비탕 별산대점,갈비,21,4387000,208905,16,경기 양주시 부흥로1398번길 26-14
yangju,양주시,양주시청,4,덕화원,중국요리,21,3553500,169214,15,경기 양주시 덕정길 4
yangju,양주시,양주시청,5,양주오리 시실리,오리,19,2573000,135421,12,경기 양주시 부흥로1398번길 26-13
yangju,양주시,양주시청,6,대성민물매운탕,"매운탕,해물탕",18,2095000,116389,15,경기 양주시 원학로147번길 82-3
yangju,양주시,양주시청,7,철원양평해장국,해장국,18,1321000,73389,10,경기 양주시 부흥로 1725-5
yangju,양주시,양주시청,8,양주소금구이,"육류,고기",17,4575000,269118,15,경기 양주시 부흥로 1898-4
yangju,양주시,양주시청,9,양주골순두부보리밥,두부전문점,17,1499000,88176,15,경기 양주시 부흥로1374번길 28
yangju,양주시,양주시청,10,강경불고기 회천직영점,"불고기,두루치기",17,5555900,326818,14,경기 양주시 독바위로 77
yangpyeong,양평군,양평군청,1,골목식당,"해물,생선",59,8838000,149797,34,경기 양평군 양평읍 해오름길 21
yangpyeong,양평군,양평군청,2,사나래,한식,57,7700000,135088,35,경기 양평군 양평읍 마유산로 30-1
yangpyeong,양평군,양평군청,3,남원골추어탕,추어,57,6252000,109684,28,경기 양평군 양평읍 양근로180번길 1
yangpyeong,양평군,양평군청,4,옥천전통냉면,냉면,42,5047000,120167,28,경기 양평군 옥천면 옥천길 33
yangpyeong,양평군,양평군청,5,도마족발,"족발,보쌈",40,5069000,126725,33,경기 양평군 양평읍 양근로147번길 6
yangpyeong,양평군,양평군청,6,진이네부대찌개,"찌개,전골",38,4297000,113079,29,경기 양평군 양평읍 양평시장길33번길 7
yangpyeong,양평군,양평군청,7,스시카오루,"초밥,롤",37,4380000,118378,30,경기 양평군 양평읍 양평시장길39번길 5-4
yangpyeong,양평군,양평군청,8,양평어무이해장국,해장국,35,1948000,55657,14,경기 양평군 양평읍 남북로 58
yangpyeong,양평군,양평군청,9,양평초밥,"초밥,롤",34,4521100,132974,24,경기 양평군 양평읍 양근로155번길 6
yangpyeong,양평군,양평군청,10,양평칼국수,칼국수,34,2033000,59794,24,경기 양평군 양평읍 양근로137번길 12
yangsan,양산시,양산시청,1,화림초밥,"초밥,롤",84,20079000,239036,62,경남 양산시 양산역5길 6-2
yangsan,양산시,양산시청,2,태을,"육류,고기",41,10223000,249341,33,경남 양산시 옥곡7길 18
yangsan,양산시,양산시청,3,남도맛갈치,"해물,생선",40,6293910,157348,33,경남 양산시 양주5길 9-19
yangsan,양산시,양산시청,4,한우리,한식,33,6895000,208939,30,경남 양산시 북안남3길 27
yangsan,양산시,양산시청,5,물회전문점해초,회,28,7623000,272250,21,경남 양산시 삼성3길 17-12
yangsan,양산시,양산시청,6,종정헌,한정식,25,6606000,264240,25,경남 양산시 동면 석산3길 12
yangsan,양산시,양산시청,7,석정참숯불갈비,갈비,21,4954000,235905,19,경남 양산시 중앙우회로 154
yangsan,양산시,양산시청,8,청해대복,복어,20,2790000,139500,18,경남 양산시 북안남1길 31
yangsan,양산시,양산시청,9,동원복국,복어,20,2652000,132600,18,경남 양산시 북정로 16
yangsan,양산시,양산시청,10,진송추어탕,추어,19,2194000,115474,17,경남 양산시 중앙로 293-1
yangyang,양양군,양양군청,1,동거동락,"육류,고기",15,7846000,523067,9,강원특별자치도 양양군 양양읍 남문9길 18
yangyang,양양군,양양군청,2,송림식당,"육류,고기",14,5066000,361857,10,강원특별자치도 양양군 양양읍 양양로 78-5
yangyang,양양군,양양군청,3,여여정,한식,11,4643700,422155,9,강원특별자치도 양양군 서면 쌍솔배기길 49
yangyang,양양군,양양군청,4,청궁,중국요리,11,3278000,298000,9,강원특별자치도 양양군 양양읍 남문9길 11-12
yangyang,양양군,양양군청,5,삼팔횟집,회,8,1437000,179625,7,강원특별자치도 양양군 현북면 기사문길 58
yangyang,양양군,양양군청,6,백숙삶다,닭요리,8,3146000,393250,6,강원특별자치도 양양군 손양면 동해대로 2560
yangyang,양양군,양양군청,7,고기마루,"육류,고기",7,2603000,371857,5,강원특별자치도 양양군 양양읍 양양로 9-11
yangyang,양양군,양양군청,8,영심이쌈밥,쌈밥,6,2656000,442667,6,강원특별자치도 양양군 양양읍 남문5길 11-5
yangyang,양양군,양양군청,9,돈우이야기,"육류,고기",6,1979000,329833,6,강원특별자치도 양양군 양양읍 한고개길 17-8
yangyang,양양군,양양군청,10,오색흘림골식당,한식,6,3020000,503333,5,강원특별자치도 양양군 양양읍 양양로 81-15
ydp_gu,영등포구,영등포구청,1,원양참치,참치회,152,23173940,152460,95,서울 영등포구 당산로 133
ydp_gu,영등포구,영등포구청,2,삼포가는길,"해물,생선",108,9848000,91185,96,서울 영등포구 당산로 139
ydp_gu,영등포구,영등포구청,3,한우진곰탕,곰탕,96,10802100,112522,69,서울 영등포구 당산로31길 18
ydp_gu,영등포구,영등포구청,4,더함한우골,"육류,고기",86,7496000,87163,70,서울 영등포구 양산로19길 7
ydp_gu,영등포구,영등포구청,5,한성삼계탕,삼계탕,85,7711100,90719,66,서울 영등포구 국회대로36길 14
ydp_gu,영등포구,영등포구청,6,이도,한식,76,7434800,97826,60,서울 영등포구 국회대로68길 11
ydp_gu,영등포구,영등포구청,7,당산숯불구이,"육류,고기",76,12243850,161103,53,서울 영등포구 양평로12길 7
ydp_gu,영등포구,영등포구청,8,자매네,한식,72,10728600,149008,57,서울 영등포구 국회대로30길 12
ydp_gu,영등포구,영등포구청,9,영등,"육류,고기",68,8889600,130729,49,서울 영등포구 당산로33길 5
ydp_gu,영등포구,영등포구청,10,나의 샌드위치,샌드위치,68,7710850,113395,46,서울 영등포구 당산로31길 22-2
yecheon,예천군,예천군청,1,낙천갈비,갈비,44,16260000,369545,26,경북 예천군 예천읍 맛고을길 50-3
yecheon,예천군,예천군청,2,제주복집,복어,32,11535800,360494,21,경북 예천군 예천읍 이미기길 71
yecheon,예천군,예천군청,3,황소네집,"육류,고기",26,9282000,357000,16,경북 예천군 예천읍 맛고을길 55
yecheon,예천군,예천군청,4,예천장터,지명,24,6445000,268542,14,경북 예천군 유천면 손기리
yecheon,예천군,예천군청,5,다솔촌,삼계탕,22,4043000,183773,16,경북 예천군 예천읍 봉덕로 46
yecheon,예천군,예천군청,6,김서방숯불갈비,갈비,18,5539000,307722,12,경북 예천군 예천읍 맛고을길 34
yecheon,예천군,예천군청,7,백경식당,회,16,6223000,388938,9,경북 예천군 예천읍 충효로 271-1
yecheon,예천군,예천군청,8,숲속이야기,쌈밥,14,3672000,262286,10,경북 예천군 예천읍 대심1길 115
yecheon,예천군,예천군청,9,새대구숯불구이,"육류,고기",13,4854000,373385,6,경북 예천군 예천읍 시장로 61
yecheon,예천군,예천군청,10,부산대구탕,"매운탕,해물탕",12,1687000,140583,5,경북 예천군 예천읍 역전길 22
yeoju,여주시,여주시청,1,여주쌀밥집,한식,146,23301000,159596,19,경기 여주시 강변로 126
yeoju,여주시,여주시청,2,안면도 대구뽈찜,"해물,생선",113,9958000,88124,11,경기 여주시 청심로132번길 3
yeoju,여주시,여주시청,3,금룡,중국요리,105,19015000,181095,14,경기 여주시 세종로79번길 18-9
yeoju,여주시,여주시청,4,백로식당,한식,94,12331000,131181,12,경기 여주시 청심로132번길 10
yeoju,여주시,여주시청,5,시골집 추어탕,추어,81,6723000,83000,9,경기 여주시 산북면 광여로 1258
yeoju,여주시,여주시청,6,일성식당,야식,73,9358000,128192,10,경기 여주시 청심로 58
yeoju,여주시,여주시청,7,여주솥반,한식,72,9038000,125528,18,경기 여주시 강변로 82
yeoju,여주시,여주시청,8,옛날집,해장국,70,5138000,73400,10,경기 여주시 금사면 이여로 1277
yeoju,여주시,여주시청,9,천서리막국수,국수,70,4851000,69300,10,경기 여주시 대신면 여양로 1974
yeoju,여주시,여주시청,10,마을정미소,농업,69,35365000,512536,18,경기 여주시 세종대왕면 구양2길 3
yeoncheon,연천군,연천군청,1,정원가든,한식,87,12214000,140391,63,경기 연천군 연천읍 연천로214번길 29
yeoncheon,연천군,연천군청,2,한스시,"초밥,롤",43,5248400,122056,38,경기 연천군 연천읍 문화로 53
yeoncheon,연천군,연천군청,3,초밥 좋은날,"초밥,롤",33,4615420,139861,31,경기 연천군 전곡읍 전곡로144번길 16
yeoncheon,연천군,연천군청,4,신라가든,"육류,고기",31,7751000,250032,30,경기 연천군 청산면 평화로 335
yeoncheon,연천군,연천군청,5,강마을매운탕,한식,31,4919500,158694,28,경기 연천군 미산면 왕산로28번길 16
yeoncheon,연천군,연천군청,6,한탄강 큰 집,한식,30,7238000,241267,28,경기 연천군 전곡읍 선사로 175
yeoncheon,연천군,연천군청,7,보성대구탕집,"해물,생선",29,3144000,108414,27,경기 연천군 전곡읍 은전로 82-16
yeoncheon,연천군,연천군청,8,광양 불고기집,"불고기,두루치기",29,6628000,228552,26,경기 연천군 전곡읍 전곡로 41
yeoncheon,연천군,연천군청,9,원압산손두부,두부전문점,29,3291000,113483,26,경기 연천군 신서면 연신로766번길 9
yeoncheon,연천군,연천군청,10,오두막골식당,한식,29,3639000,125483,21,경기 연천군 청산면 청창로141번길 76
yeongdeok,영덕군,영덕군청,1,제일가든,"육류,고기",22,5674000,257909,21,경북 영덕군 영덕읍 야성1길 7
yeongdeok,영덕군,영덕군청,2,명품식당,"매운탕,해물탕",19,5674000,298632,14,경북 영덕군 영덕읍 덕곡길 101
yeongdeok,영덕군,영덕군청,3,아성식당,"불고기,두루치기",17,3819000,224647,16,경북 영덕군 영덕읍 야성길 47
yeongdeok,영덕군,영덕군청,4,경포해물탕,"매운탕,해물탕",16,3310000,206875,14,경북 영덕군 영덕읍 읍사무소1길 8-15
yeongdeok,영덕군,영덕군청,5,에덴농장,식품판매,13,6943750,534135,13,경북 영덕군 강구면 동해대로 4409
yeongdeok,영덕군,영덕군청,6,큰바다횟집,회,13,2682000,206308,12,경북 영덕군 영덕읍 중앙길 121-3
yeongdeok,영덕군,영덕군청,7,김대감,"육류,고기",12,4684000,390333,9,경북 영덕군 영해면 벌영길 129-7
yeongdeok,영덕군,영덕군청,8,태보횟집,회,11,2758000,250727,9,경북 영덕군 영덕읍 영덕대게로 664
yeongdeok,영덕군,영덕군청,9,해동초밥,"초밥,롤",11,951000,86455,9,경북 영덕군 영덕읍 영덕로 130
yeongdeok,영덕군,영덕군청,10,진일대게회,"게,대게",11,4478000,407091,8,경북 영덕군 영덕읍 영덕대게로 894
yeongdong,영동군,영동군청,1,아리랑가든,한식,28,7918000,282786,17,충북 영동군 영동읍 학산영동로 1041
yeongdong,영동군,영동군청,2,정깊은 소담,"육류,고기",23,4479000,194739,19,충북 영동군 영동읍 영동천2길 61
yeongdong,영동군,영동군청,3,김명자 낙지마당,김명자낙지마당,22,2841000,129136,19,충북 영동군 영동읍 계산로1길 30
yeongdong,영동군,영동군청,4,신라,한정식,17,2260000,132941,12,충북 영동군 영동읍 회동로1길 8
yeongdong,영동군,영동군청,5,어락,"해물,생선",16,1764000,110250,12,충북 영동군 영동읍 영산로3길 10
yeongdong,영동군,영동군청,6,해신골,삼계탕,16,3224000,201500,10,충북 영동군 영동읍 영동황간로 56
yeongdong,영동군,영동군청,7,삼미가든,오리,15,2093000,139533,9,충북 영동군 영동읍 구교로 32-28
yeongdong,영동군,영동군청,8,토마토,유흥주점,12,1231000,102583,9,충북 영동군 영동읍 영산로 7
yeongdong,영동군,영동군청,9,건강하오리,오리,11,1450000,131818,5,충북 영동군 영동읍 계산로3길 9-6
yeongdong,영동군,영동군청,10,동해바다횟집,회,11,1301000,118273,4,충북 영동군 영동읍 영동시장1길 18
yeonggwang,영광군,영광군청,1,한우천지식당,"육류,고기",70,20563750,293768,32,전남광주통합특별시 영광군 영광읍 물무로 118
yeonggwang,영광군,영광군청,2,만선횟집,회,42,8417000,200405,32,전남광주통합특별시 영광군 영광읍 천년로10길 41
yeonggwang,영광군,영광군청,3,우등숯불갈비,갈비,40,14486000,362150,25,전남광주통합특별시 영광군 영광읍 중앙로5길 13-4
yeonggwang,영광군,영광군청,4,여수회관,"해물,생선",30,5709000,190300,17,전남광주통합특별시 영광군 영광읍 물무로2길 47
yeonggwang,영광군,영광군청,5,놀부네,"해물,생선",25,6786000,271440,12,전남광주통합특별시 영광군 영광읍 천년로11길 26-1
yeonggwang,영광군,영광군청,6,청아회관,한식,25,6519000,260760,12,전남광주통합특별시 영광군 영광읍 중앙로5길 11-2
yeonggwang,영광군,영광군청,7,문정한정식,한정식,19,8035000,422895,9,전남광주통합특별시 영광군 영광읍 중앙로5길 16-10
yeonggwang,영광군,영광군청,8,한우식당,"육류,고기",16,4766000,297875,11,전남광주통합특별시 영광군 영광읍 물무로 7
yeonggwang,영광군,영광군청,9,올레식당,"해물,생선",14,2044000,146000,12,전남광주통합특별시 영광군 영광읍 옥당로1길 4
yeonggwang,영광군,영광군청,10,동보성,중국요리,14,3843800,274557,11,전남광주통합특별시 영광군 영광읍 대하길4길 21-16
yeongju,영주시,영주시청,1,산촌오리,오리,17,4901000,288294,8,경북 영주시 지천로 117
yeongju,영주시,영주시청,2,가화한정식,한정식,17,4773000,280765,5,경북 영주시 시청로 30
yeongju,영주시,영주시청,3,동쪽식당,한식,13,6704000,515692,7,경북 영주시 향교길 30
yeongju,영주시,영주시청,4,운현궁식당,한정식,13,4587000,352846,4,경북 영주시 원당로 90
yeongju,영주시,영주시청,5,산촌,한식,12,2262000,188500,5,경북 영주시 중앙로 46
yeongju,영주시,영주시청,6,신촌식당,쌈밥,10,3035000,303500,6,경북 영주시 영주로215번길 13
yeongju,영주시,영주시청,7,소문난암소갈비2호점,갈비,9,3001000,333444,6,경북 영주시 한정로 50
yeongju,영주시,영주시청,8,엄마생각,한식,8,2032000,254000,6,경북 영주시 한정로 56
yeongju,영주시,영주시청,9,우정면옥,냉면,7,1535000,219286,4,경북 영주시 창진로 27
yeongju,영주시,영주시청,10,너른마당,한식,6,1096000,182667,5,경북 영주시 구성로 117
yeongwol,영월군,영월군청,1,한반도장수촌,한식,44,8730000,198409,11,강원특별자치도 영월군 한반도면 서면장터로 335-1
yeongwol,영월군,영월군청,2,래원,중국요리,39,9614000,246513,19,강원특별자치도 영월군 영월읍 단종로16번길 40
yeongwol,영월군,영월군청,3,한상가득,한식,25,3331000,133240,15,강원특별자치도 영월군 영월읍 관풍헌길 59
yeongwol,영월군,영월군청,4,황금돼지,"육류,고기",25,9500000,380000,13,강원특별자치도 영월군 영월읍 단종로9번길 11
yeongwol,영월군,영월군청,5,장가네 흑염소 숯불구이,"사철탕,영양탕",23,5252000,228348,17,강원특별자치도 영월군 영월읍 요리골목길 12
yeongwol,영월군,영월군청,6,강건너맛집,한식,21,3262000,155333,15,강원특별자치도 영월군 영월읍 단종로 26
yeongwol,영월군,영월군청,7,장릉보리밥집,한식,20,2330000,116500,14,강원특별자치도 영월군 영월읍 단종로 178-10
yeongwol,영월군,영월군청,8,영월동강한우,"육류,고기",20,3912000,195600,12,강원특별자치도 영월군 영월읍 하송안길 65
yeongwol,영월군,영월군청,9,물레방아쉼터,"매운탕,해물탕",19,3933000,207000,10,강원특별자치도 영월군 영월읍 중앙로 803
yeongwol,영월군,영월군청,10,사랑방식당,한식,18,1858000,103222,16,강원특별자치도 영월군 영월읍 절무리골길 12
yeongyang,영양군,영양군청,1,장원가든,한식,61,21620000,354426,9,경북 영양군 영양읍 솔광장길 9-6
yeongyang,영양군,영양군청,2,한울가든,한식,42,13323000,317214,19,경북 영양군 영양읍 솔광장길 9-5
yeongyang,영양군,영양군청,3,나성숯불가든,"육류,고기",31,13083000,422032,6,경북 영양군 영양읍 동서대로 24-2
yeongyang,영양군,영양군청,4,달빛사냥터,"육류,고기",16,5975000,373438,7,경북 영양군 영양읍 서부리 322-7 1층
yeongyang,영양군,영양군청,5,어전회,회,13,3201000,246231,8,경북 영양군 영양읍 시장4길 10
yeongyang,영양군,영양군청,6,우미정,한식,13,3234000,248769,7,경북 영양군 영양읍 동서부길 6-7
yeongyang,영양군,영양군청,7,영덕식당,"육류,고기",12,3130000,260833,8,경북 영양군 영양읍 황용천길 51
yeongyang,영양군,영양군청,8,불목식당,"육류,고기",12,1521000,126750,7,경북 영양군 영양읍 중앙로 136-3
yeongyang,영양군,영양군청,9,사랑채,한식,11,3788000,344364,6,경북 영양군 영양읍 군민회관길 30
yeongyang,영양군,영양군청,10,선희네,한정식,7,1407000,201000,5,경북 영양군 영양읍 시장길 26
yeonsu,연수구,연수구청,1,수미가든 송도점,"육류,고기",38,11687000,307553,27,인천 연수구 앵고개로83번길 4
yeonsu,연수구,연수구청,2,자연으로,자연드림,31,3907200,126039,30,인천 연수구 하모니로36번길 17
yeonsu,연수구,연수구청,3,자연채 우렁쌈밥,쌈밥,30,2719000,90633,26,인천 연수구 샘말로30번길 17
yeonsu,연수구,연수구청,4,아리산체,중국요리,28,6208500,221732,27,인천 연수구 용담로118번길 7
yeonsu,연수구,연수구청,5,종로순대국,순대,27,2638900,97737,24,인천 연수구 학나래로6번길 56
yeonsu,연수구,연수구청,6,옹진,"찌개,전골",21,1907000,90810,16,인천 연수구 동곡재로160번길 15-16
yeonsu,연수구,연수구청,7,하늘초롬,"육류,고기",19,4329000,227842,18,인천 연수구 청능대로 60
yeonsu,연수구,연수구청,8,샹차이,중국요리,19,2954800,155516,18,인천 연수구 솔샘로73번길 31
yeonsu,연수구,연수구청,9,백미초밥,"초밥,롤",19,2272800,119621,16,인천 연수구 샘말로8번길 11
yeonsu,연수구,연수구청,10,이학갈비,갈비,18,5080000,282222,15,인천 연수구 먼우금로 208
yeosu_city,여수시,여수시청,1,오죽헌,한정식,11,5825000,529545,9,전남 여수시 시청서1길 36
yeosu_city,여수시,여수시청,2,바나다,이탈리안,7,1081200,154457,7,전남 여수시 망마로 30
yeosu_city,여수시,여수시청,3,진품참옻닭,닭요리,7,1474000,210571,6,전남 여수시 시청서1길 50-4
yeosu_city,여수시,여수시청,4,다담골면옥,냉면,7,640000,91429,6,전남 여수시 시청동1길 35
yeosu_city,여수시,여수시청,5,송가원,갈비,6,3592000,598667,6,전남 여수시 시청서4길 52-7
yeosu_city,여수시,여수시청,6,백송,"육류,고기",6,1135000,189167,6,전남 여수시 대학로 6-1
yeosu_city,여수시,여수시청,7,여수통장어,장어,6,834000,139000,4,전남 여수시 웅천4길 12-7
yeosu_city,여수시,여수시청,8,화양식당,장어,6,682000,113667,4,전남 여수시 공화남1길 3
yeosu_city,여수시,여수시청,9,녹차밭,"육류,고기",5,1960400,392080,5,전남 여수시 시청동3길 30-4
yeosu_city,여수시,여수시청,10,여수장수촌,닭요리,5,971000,194200,5,전남 여수시 망마로 5
yesan,예산군,예산군청,1,삼우갈비,갈비,37,6163000,166568,33,충남 예산군 예산읍 임성로23번길 8
yesan,예산군,예산군청,2,대원가든,"육류,고기",17,4086500,240382,15,충남 예산군 예산읍 벚꽃로 149-7
yesan,예산군,예산군청,3,어도일식,일식,17,5900000,347059,12,충남 예산군 예산읍 역전로160번길 36
yesan,예산군,예산군청,4,곱창인가,"곱창,막창",13,1219000,93769,12,충남 예산군 삽교읍 두리2길 56
yesan,예산군,예산군청,5,형제식당,한식,13,1233000,94846,11,충남 예산군 예산읍 형제고개로 957
yesan,예산군,예산군청,6,동이식당,한식,12,2688000,224000,12,충남 예산군 예산읍 아리랑로 146
yesan,예산군,예산군청,7,생생아구,아구,12,916000,76333,12,충남 예산군 예산읍 벚꽃로155번길 34
yesan,예산군,예산군청,8,양평해장국,양평해장국,12,849000,70750,12,충남 예산군 예산읍 아리랑로 14
yesan,예산군,예산군청,9,연포가든,한식,11,1348000,122545,11,충남 예산군 덕산면 덕산온천로 405-49
yesan,예산군,예산군청,10,별장가든,"사철탕,영양탕",11,1931000,175545,9,충남 예산군 예산읍 벚꽃로182번길 55
yongin,용인시,용인시청,1,김남희한우,한식,20,8512500,425625,8,경기 용인시 처인구 용인대학로 98
yongin,용인시,용인시청,2,슬로 용인,정육점,19,2221300,116911,10,경기 용인시 처인구 중부대로1188번길 2
yongin,용인시,용인시청,3,애플하우스,카페,14,6564500,468893,6,경기 용인시 처인구 금학로 155
yongin,용인시,용인시청,4,본도시락용인역북점,본도시락,10,4395100,439510,5,경기 용인시 처인구 명지로60번길 8-14
yongin,용인시,용인시청,5,영애네꼬마김밥,분식,8,534000,66750,7,경기 용인시 처인구 포곡읍 전대로 33
yongin,용인시,용인시청,6,진주옥냉면,한식,7,7056000,1008000,5,경기 용인시 처인구 명지로 106
yongin,용인시,용인시청,7,다리원,중국요리,6,1615110,269185,5,경기 용인시 처인구 중부대로 1127
yongin,용인시,용인시청,8,돈다랑,한식,6,1428000,238000,4,경기 용인시 처인구 성산로 10
yongin,용인시,용인시청,9,밥과함께라면 용인시,분식,5,305000,61000,4,경기 용인시 기흥구 동백7로 83
yongin,용인시,용인시청,10,도미노피자 용인점,도미노피자,5,848380,169676,3,경기 용인시 처인구 금령로12번길 6-1
yongsan,용산구,용산구청,1,고인돌,"육류,고기",147,12639710,85984,102,서울 용산구 녹사평대로26길 24
yongsan,용산구,용산구청,2,발루토피비,커피전문점,112,4289560,38300,74,서울 용산구 녹사평대로32길 37
yongsan,용산구,용산구청,3,명동교자,분식,77,4906800,63725,58,서울 용산구 녹사평대로 136
yongsan,용산구,용산구청,4,이태원숯불구이,"육류,고기",72,10808080,150112,49,서울 용산구 녹사평대로32길 41-5
yongsan,용산구,용산구청,5,끽밀,디저트카페,56,2087640,37279,41,서울 용산구 이태원로 154
yongsan,용산구,용산구청,6,유진막국수,국수,55,6499500,118173,50,서울 용산구 장문로 18
yongsan,용산구,용산구청,7,이태원쌈밥,한식,55,5261000,95655,49,서울 용산구 이태원로55가길 26-5
yongsan,용산구,용산구청,8,이즈비,양식,55,5032150,91494,47,서울 용산구 이태원로20길 24
yongsan,용산구,용산구청,9,핌트,커피전문점,55,1819875,33089,44,서울 용산구 녹사평대로26가길 14
yongsan,용산구,용산구청,10,윤경남7통황태국,한식,53,3522000,66453,48,서울 용산구 녹사평대로26가길 9
